league,season,team,player,nation,age,born,preferred_foot,pos,macro_pos,raw_reconstruction_error,robust_anomaly_score,is_anomaly,Top_Pos_Feat_1,Top_Pos_Pctl_1,Top_Pos_Delta_1,Top_Pos_Feat_2,Top_Pos_Pctl_2,Top_Pos_Delta_2,Top_Pos_Feat_3,Top_Pos_Pctl_3,Top_Pos_Delta_3,Top_Neg_Feat_1,Top_Neg_Pctl_1,Top_Neg_Delta_1,Top_Neg_Feat_2,Top_Neg_Pctl_2,Top_Neg_Delta_2,Top_Neg_Feat_3,Top_Neg_Pctl_3,Top_Neg_Delta_3
ESP-La Liga,2024 - 2025,Barcelona,Lamine Yamal,ESP,17,2007,Left,RM,Wide Midfielder,2.5828725458311217,17.18755066886468,True,Standard_Sh/90,100,+21,Standard_Sh,100,+5,Take-Ons_Tkld,100,+1,Blocks_Sh,5,0,Standard_FK,37,0,Blocks_Blocks,16,-55
GER-Bundesliga,2022 - 2023,RB Leipzig,Joško Gvardiol,CRO,20,2002,Left,LB,Fullback,2.334377191717947,16.429449967725848,True,Take-Ons_Succ%,98,+45,Touches_Def Pen,95,+16,Touches_Def 3rd,98,+11,Touches_Att 3rd,10,-50,Tackles_Att 3rd,4,-46,Progression_PrgR,8,-37
FRA-Ligue 1,2022 - 2023,Paris S-G,Lionel Messi,ARG,35,1987,Left,RW,Winger,4.908606063272878,14.590381558377363,True,Expected_npxG,99,+4,Standard_SoT,100,+3,Carries_PrgDist,98,+4,Clr,0,-14,Blocks_Sh,5,0,Int,4,-28
ENG-Premier League,2023 - 2024,Sheffield Utd,Andre Brooks,ENG,19,2003,Left,RM,Wide Midfielder,2.101159588377024,13.637279484161995,True,Take-Ons_Succ%,68,+40,Carries_Dis,59,+24,Take-Ons_Succ,50,+16,CrsPA,11,-32,Progression_PrgC,15,-11,Carries_PrgC,15,-11
GER-Bundesliga,2023 - 2024,Leverkusen,Jeremie Frimpong,NED,22,2000,Right,RB,Fullback,1.8201205541252246,12.393709532977324,True,Progression_PrgR,98,+6,Receiving_PrgR,98,+6,CrsPA,96,+7,Blocks_Sh,5,-23,Touches_Def 3rd,32,-14,Take-Ons_Succ%,11,-31
GER-Bundesliga,2024 - 2025,St. Pauli,Lars Ritzka,GER,26,1998,Left,LB,Fullback,1.6927489459893137,11.39413322882052,True,Standard_G/SoT,98,+18,Standard_Dist,94,+44,Standard_Sh/90,36,+18,Take-Ons_Succ%,1,-19,Standard_SoT,4,0,Take-Ons_Tkld,6,-9
FRA-Ligue 1,2022 - 2023,Paris S-G,Kylian Mbappé,FRA,23,1998,Right,ST,ST,2.146255333065234,10.386484545565288,True,Standard_SoT/90,100,+1,Standard_Sh/90,100,+1,Take-Ons_Att,98,+3,Blocks_Sh,5,0,Touches_Def Pen,0,-6,Tackles_TklW,0,-5
ENG-Premier League,2024 - 2025,Ipswich Town,Sammie Szmodics,IRL,28,1995,Right,LM,Wide Midfielder,1.6548845856226306,10.348189460290234,True,Expected_npxG/Sh,92,+20,Standard_G/Sh,89,+24,Long_Cmp,12,+7,Take-Ons_Succ,14,-24,Per 90 Minutes_Ast,13,0,Touches_Mid 3rd,0,-2
ITA-Serie A,2024 - 2025,Atalanta,Matteo Ruggeri,ITA,22,2002,Left,LM,Wide Midfielder,1.6503166529203956,10.314523353544597,True,Expected_npxG/Sh,43,+24,Height,73,+38,Tackles_Att 3rd,91,+41,Take-Ons_Att,19,-32,Carries_Dis,12,-23,Take-Ons_Tkld,20,-30
ESP-La Liga,2022 - 2023,Atlético Madrid,Antoine Griezmann,FRA,31,1991,Left,ST,ST,2.1287682000682593,10.28839812844036,True,Touches_Def 3rd,45,+13,Carries_1/3,90,+20,Expected_npxG/Sh,81,+16,Weight,9,-36,Standard_Sh/90,70,-15,Standard_SoT/90,72,-12
ESP-La Liga,2022 - 2023,Espanyol,Sergi Darder,ESP,28,1993,Right,LM,Wide Midfielder,1.5131226121749446,9.303389976220167,True,Carries_PrgDist,97,+6,Tackles_Mid 3rd,99,+9,Long_Att,98,+7,Standard_FK,37,0,Progression_PrgR,53,-39,Receiving_PrgR,53,-39
ITA-Serie A,2023 - 2024,Empoli,Giuseppe Pezzella,ITA,25,1997,Left,LM,Wide Midfielder,1.4368203481974804,8.741034895388482,True,Clr,92,+27,Weight,77,+38,Height,73,+38,Take-Ons_Succ%,13,-27,Standard_Gls,11,0,Performance_G-PK,12,0
ENG-Premier League,2023 - 2024,Sheffield Utd,Oliver Arblaster,ENG,19,2004,Right,CM,CM,1.658034144943217,8.722973469716129,True,Carries_CPA,37,+30,Take-Ons_Succ,61,+31,Per 90 Minutes_xAG,40,+19,CrsPA,11,-18,Standard_Sh/90,0,-16,Progression_PrgR,8,-11
ENG-Premier League,2024 - 2025,Tottenham,Archie Gray,ENG,18,2006,Right,CDM,CDM,2.945476781745294,8.685961018448236,True,Touches_Def Pen,86,+27,Touches_Def 3rd,84,+25,Height,73,+32,Expected_npxG/Sh,0,-4,PPA,1,-16,Expected_xA,3,-14
ITA-Serie A,2023 - 2024,Udinese,Kingsley Ehizibue,NED,28,1995,Right,RB,Fullback,1.346965321637569,8.680521284008982,True,Height,83,+48,Blocks_Sh,85,+22,Weight,62,+37,1/3,23,-23,Challenges_Lost,55,-17,Standard_Sh/90,18,-12
ITA-Serie A,2023 - 2024,Empoli,Emmanuel Gyasi,GHA,29,1994,Right,RM,Wide Midfielder,1.350540693809508,8.10514548020929,True,Expected_npxG/Sh,96,+31,Take-Ons_Succ%,78,+40,Clr,84,+30,Standard_Dist,9,-46,Per 90 Minutes_xAG,12,-31,Standard_Sh/90,27,-34
FRA-Ligue 1,2022 - 2023,Lille,Rémy Cabella,FRA,32,1990,Right,LM,Wide Midfielder,1.3342298420256367,7.984932921692525,True,Blocks_Sh,17,+12,CrsPA,79,+26,Per 90 Minutes_npxG,91,+10,Standard_Dist,30,-37,Carries_Mis,25,-30,Standard_SoT,52,-25
ENG-Premier League,2023 - 2024,Manchester City,Rodri,ESP,27,1996,Right,CDM,CDM,2.7309384878681393,7.949179894081547,True,Standard_SoT,90,+16,Touches_Mid 3rd,100,0,Carries_PrgDist,100,+2,CrsPA,11,-71,Standard_FK,37,0,Carries_Mis,41,-21
ITA-Serie A,2023 - 2024,Frosinone,Riccardo Marchizza,ITA,25,1998,Left,LB,Fullback,1.2319604909973312,7.777995946895508,True,Standard_SoT,23,+19,Standard_Dist,93,+26,Height,68,+18,Tackles_Att 3rd,4,-9,Carries_Dis,2,-7,Tackles_Def 3rd,13,-10
ITA-Serie A,2024 - 2025,Venezia,Issa Doumbia,ITA,20,2003,Right,CM,CM,1.4139654467366076,7.211698092072341,True,Take-Ons_Succ%,91,+47,Standard_SoT/90,64,+19,Blocks_Sh,53,+25,CrsPA,11,-18,Per 90 Minutes_xAG,6,-15,PPA,3,-14
ITA-Serie A,2023 - 2024,Hellas Verona,Milan Đurić,BIH,33,1990,Right,ST,ST,1.580149359961666,7.211160916222759,True,Take-Ons_Succ%,89,+49,Weight,99,+5,Height,100,+10,Blocks_Sh,5,-12,Blocks_Blocks,0,-1,Blocks_Pass,0,-1
ENG-Premier League,2024 - 2025,Liverpool,Mohamed Salah,EGY,32,1992,Left,RM,Wide Midfielder,1.2196284536320179,7.14030958191127,True,Carries_CPA,100,+1,Standard_SoT,100,+1,xAG,100,0,Blocks_Sh,5,0,Standard_G/SoT,73,-19,Standard_G/Sh,85,-10
ENG-Premier League,2022 - 2023,Newcastle Utd,Kieran Trippier,ENG,31,1990,Right,RB,Fullback,1.1407828714187644,7.062459813419752,True,Take-Ons_Succ%,93,+48,Expected_npxG/Sh,43,+24,Tackles_Att 3rd,94,+17,Standard_Sh,12,-33,Standard_Sh/90,7,-17,Standard_SoT,14,-18
ENG-Premier League,2022 - 2023,Manchester City,Kyle Walker,ENG,32,1990,Right,RB,Fullback,1.1390893868626932,7.049169826283073,True,Standard_Dist,99,+22,Standard_SoT,14,+10,Standard_SoT/90,32,+23,Touches_Att Pen,2,-4,Carries_CPA,7,-13,Clr,22,-39
ENG-Premier League,2022 - 2023,Wolves,Pedro Neto,POR,22,2000,Left,RM,Wide Midfielder,1.205295099319295,7.034671371418576,True,Blocks_Sh,17,+12,Carries_1/3,94,+13,Per 90 Minutes_Ast,100,+2,Blocks_Pass,3,-12,Weight,2,-28,Clr,1,-6
ITA-Serie A,2022 - 2023,Bologna,Charalampos Lykogiannis,GRE,28,1993,Left,LB,Fullback,1.1300323361536015,6.978092657620065,True,Height,90,+45,Weight,97,+52,Per 90 Minutes_Ast,97,+8,Blocks_Pass,5,-19,Blocks_Blocks,10,-13,Touches_Def Pen,40,-12
ITA-Serie A,2023 - 2024,Lecce,Gabriel Strefezza,BRA,26,1997,Right,RM,Wide Midfielder,1.1945687726435739,6.955617304208542,True,Standard_Gls,33,+22,Tackles_Att 3rd,88,+38,Standard_Dist,88,+13,Per 90 Minutes_Ast,13,-33,Ast,13,-24,Performance_Ast,13,-24
ENG-Premier League,2024 - 2025,Wolves,Marshall Munetsi,ZIM,28,1996,Right,CM,CM,1.3557101390229997,6.850980749735758,True,Tackles_Att 3rd,69,+31,Per 90 Minutes_xAG,75,+32,Expected_xAG,53,+28,Carries_1/3,4,-4,Long_Att,1,-4,Long_Cmp,1,-1
ENG-Premier League,2024 - 2025,Arsenal,Myles Lewis-Skelly,ENG,17,2006,Left,LB,Fullback,1.1130843948263813,6.845090014386947,True,Standard_G/SoT,98,+19,Standard_G/Sh,99,+30,1/3,60,+27,Challenges_Lost,0,-17,Standard_SoT,4,0,Blocks_Blocks,1,-12
ENG-Premier League,2022 - 2023,Nott'ham Forest,Jesse Lingard,ENG,29,1992,Right,CAM,CAM,2.5487975184657663,6.750494881524738,True,Take-Ons_Succ%,83,+43,Expected_npxG/Sh,61,+22,Blocks_Pass,29,+18,Standard_G/SoT,12,-26,Standard_G/Sh,12,-14,Blocks_Sh,5,0
FRA-Ligue 1,2024 - 2025,Lille,Ayyoub Bouaddi,FRA,16,2007,Right,CM,CM,1.3321627939206324,6.705175396064538,True,Height,68,+44,Tackles_Att 3rd,83,+33,Carries_Mis,62,+26,CrsPA,11,-18,PPA,3,-22,Per 90 Minutes_npxG,2,-2
ESP-La Liga,2022 - 2023,Getafe,Damián Suárez,URU,34,1988,Right,RB,Fullback,1.0914729744564429,6.675489708501575,True,Expected_npxG/Sh,43,+39,Tackles_Mid 3rd,67,+23,1/3,47,+20,Standard_SoT,4,0,Touches_Def Pen,34,-21,Height,8,-27
ENG-Premier League,2022 - 2023,Everton,Anthony Gordon,ENG,21,2001,Right,LW,Winger,2.4517450265383633,6.589922387274538,True,Standard_FK,78,+41,Standard_SoT/90,97,+15,Tackles_Def 3rd,58,+27,Blocks_Sh,5,-12,Per 90 Minutes_Ast,13,-43,Performance_Ast,13,-24
ENG-Premier League,2024 - 2025,Ipswich Town,Wes Burns,WAL,29,1994,Right,RM,Wide Midfielder,1.1383421484171807,6.541221634100184,True,Tackles_Mid 3rd,34,+26,Int,32,+18,Blocks_Sh,28,+11,Tackles_Def 3rd,3,-17,Standard_SoT,4,-19,PrgP,0,-3
ESP-La Liga,2024 - 2025,Espanyol,Alejo Véliz,ARG,20,2003,Right,ST,ST,1.4537633208868619,6.502253758622755,True,Blocks_Pass,24,+21,Blocks_Blocks,16,+13,Int,11,+7,Tackles_Def 3rd,1,-2,Tackles_Att 3rd,4,-9,PPA,1,-5
ESP-La Liga,2023 - 2024,Betis,Assane Diao,SEN,17,2005,Right,LM,Wide Midfielder,1.1231318850460648,6.429120518855932,True,Standard_G/SoT,95,+30,Height,62,+27,Blocks_Sh,46,+29,Long_Att,2,-5,Medium_Cmp,1,-3,Medium_Att,0,-4
ENG-Premier League,2023 - 2024,Tottenham,Dejan Kulusevski,SWE,23,2000,Left,CM,CM,1.2797450278936155,6.38060415964706,True,Take-Ons_Tkld,99,+6,Weight,72,+33,Tackles_Att 3rd,98,+7,Tackles_Mid 3rd,54,-32,Take-Ons_Succ%,12,-28,Touches_Mid 3rd,39,-27
GER-Bundesliga,2022 - 2023,Union Berlin,Josip Juranović,CRO,26,1995,Right,RB,Fullback,1.0522571337901108,6.367734898372875,True,Blocks_Sh,59,+20,Standard_SoT,14,+10,Clr,63,+13,Touches_Att Pen,4,-8,Height,8,-27,Short_Cmp,7,-12
ITA-Serie A,2022 - 2023,Spezia,Emmanuel Gyasi,GHA,28,1994,Right,RM,Wide Midfielder,1.104080584712111,6.288710588917108,True,Carries_Mis,95,+14,Short_Cmp,64,+21,Challenges_Lost,85,+18,Take-Ons_Succ%,3,-29,Ast,13,0,Performance_Ast,13,0
ESP-La Liga,2023 - 2024,Valencia,Hugo Guillamón,ESP,23,2000,Right,CM,CM,1.2403753719514286,6.1368269277081735,True,Take-Ons_Succ%,99,+28,Standard_G/Sh,99,+34,Long_Att,53,+19,Per 90 Minutes_npxG,2,-9,Take-Ons_Att,2,-8,Take-Ons_Tkld,2,-9
FRA-Ligue 1,2024 - 2025,Paris S-G,Gonçalo Ramos,POR,23,2001,Right,ST,ST,1.3881916948077995,6.134458427720696,True,Standard_SoT/90,100,+1,Per 90 Minutes_xG+xAG,100,+1,Per 90 Minutes_npxG+xAG,100,0,Int,0,-8,Take-Ons_Succ%,1,-30,CrsPA,11,0
ENG-Premier League,2022 - 2023,Wolves,Matheus Cunha,BRA,23,1999,Right,CAM,CAM,2.350615640244314,6.126421696342987,True,Performance_G-PK,98,+3,Standard_SoT,99,+2,Standard_Sh/90,99,+4,Tackles_Att 3rd,60,-28,Expected_npxG/Sh,43,-22,Progression_PrgR,86,-7
ESP-La Liga,2023 - 2024,Rayo Vallecano,Álvaro García,ESP,30,1992,Left,LM,Wide Midfielder,1.0746304151244017,6.071659984705752,True,Int,85,+50,Clr,63,+42,CrsPA,96,+24,Blocks_Sh,5,0,Height,1,-19,Weight,1,-19
ITA-Serie A,2024 - 2025,Bologna,Lorenzo De Silvestri,ITA,36,1988,Right,RB,Fullback,1.0141767764169156,6.06889103951657,True,Weight,98,+26,CrsPA,67,+24,Take-Ons_Tkld,20,+9,Tackles_Mid 3rd,1,-22,Carries_CPA,7,0,Progression_PrgC,3,-6
ESP-La Liga,2022 - 2023,Valencia,Toni Lato,ESP,24,1997,Left,LB,Fullback,1.0044412491035597,5.99248937863373,True,Standard_G/SoT,98,+12,Take-Ons_Succ%,92,+58,Standard_FK,78,+41,Standard_SoT,4,-19,Weight,4,-41,Per 90 Minutes_Ast,13,0
ESP-La Liga,2022 - 2023,Rayo Vallecano,Fran Garcia,ESP,22,1999,Left,LB,Fullback,1.0040011634106836,5.989035710765078,True,Progression_PrgC,100,+4,Carries_PrgC,100,+4,Carries_1/3,100,+4,Weight,2,-23,Height,1,-34,Carries_Dis,35,-46
GER-Bundesliga,2024 - 2025,St. Pauli,Noah Weißhaupt,GER,22,2001,Right,LM,Wide Midfielder,1.0619599457155637,5.978277397123725,True,CrsPA,87,+26,Long_Att,35,+22,Expected_npxG/Sh,76,+37,Per 90 Minutes_Ast,13,-33,Performance_Ast,13,-24,Ast,13,-24
ENG-Premier League,2024 - 2025,Manchester City,Mateo Kovačić,CRO,30,1994,Right,CM,CM,1.208860681524222,5.941687706551735,True,Standard_Sh/90,72,+28,Weight,56,+26,Standard_Sh,82,+21,Blocks_Sh,5,-58,CrsPA,11,-50,Receiving_PrgR,20,-23
ITA-Serie A,2024 - 2025,Torino,Ivan Ilić,SRB,23,2001,Left,CM,CM,1.203721016594535,5.909862859225348,True,Standard_FK,85,+48,PPA,56,+27,Carries_Mis,32,+15,Blocks_Sh,5,-12,Blocks_Pass,0,-4,Tackles_Def 3rd,1,-9
ENG-Premier League,2022 - 2023,Nott'ham Forest,Danilo,BRA,21,2001,Right,CM,CM,1.2015182275383096,5.89622317135354,True,Take-Ons_Succ%,88,+30,Int,89,+24,Touches_Def Pen,69,+14,CrsPA,11,-32,Height,10,-35,Weight,12,-33
GER-Bundesliga,2023 - 2024,Hoffenheim,Umut Tohumcu,GER,18,2004,Right,CAM,CAM,2.274630251400367,5.887144300908641,True,Per 90 Minutes_Ast,80,+34,Performance_Ast,57,+44,Ast,57,+44,Tackles_Att 3rd,4,-21,Standard_G/SoT,12,-13,Expected_npxG/Sh,2,-17
ENG-Premier League,2024 - 2025,Manchester City,Joško Gvardiol,CRO,22,2002,Left,LB,Fullback,0.9875105296820694,5.8596218880388795,True,Medium_Att,99,+4,Carries_TotDist,99,+3,Medium_Cmp,99,+5,CrsPA,29,-43,Ast,13,0,Performance_Ast,13,0
ESP-La Liga,2024 - 2025,Girona,Arnaut Danjuma,NED,27,1997,Right,LM,Wide Midfielder,1.0397430127377283,5.814536447782133,True,Expected_npxG/Sh,76,+37,Blocks_Sh,17,+12,Progression_PrgR,91,+9,Per 90 Minutes_Ast,13,-25,Performance_Ast,13,-24,Ast,13,-24
ENG-Premier League,2022 - 2023,Tottenham,Ivan Perišić,CRO,33,1989,Right,RW,Winger,2.21300351613411,5.812490665301634,True,CrsPA,99,+23,Challenges_Tkl,84,+42,Touches_Def Pen,67,+38,Standard_SoT/90,52,-25,Standard_Dist,35,-37,Standard_Gls,33,-45
ENG-Premier League,2023 - 2024,Manchester City,Kevin De Bruyne,BEL,32,1991,Right,CM,CM,1.1856396683073605,5.797903002587458,True,CrsPA,91,+19,Touches_Att 3rd,98,+7,Standard_Sh/90,94,+10,Blocks_Sh,5,-12,Take-Ons_Succ%,24,-34,Touches_Def 3rd,16,-12
GER-Bundesliga,2022 - 2023,Bayern Munich,Eric Maxim Choupo-Moting,CMR,33,1989,Right,ST,ST,1.3257243378359858,5.784075135405766,True,Take-Ons_Succ%,91,+50,Standard_G/Sh,99,+10,Standard_G/SoT,95,+19,Int,0,-4,Blocks_Sh,5,0,Challenges_Lost,0,-5
FRA-Ligue 1,2022 - 2023,Ajaccio,Kevin Spadanuda,SUI,25,1997,Right,LM,Wide Midfielder,1.0317702403403324,5.75577634248153,True,Take-Ons_Succ%,68,+40,Expected_npxG/Sh,61,+42,Take-Ons_Succ,74,+21,CrsPA,11,-32,Expected_xA,6,-11,PPA,6,-11
ESP-La Liga,2022 - 2023,Girona,Cristhian Stuani,URU,35,1986,Right,ST,ST,1.3038680766269455,5.661482006268351,True,Int,22,+18,Per 90 Minutes_Ast,78,+40,Ast,57,+44,1/3,0,-1,Touches_Touches,0,0,Touches_Live,0,0
ESP-La Liga,2022 - 2023,Valencia,Hugo Guillamón,ESP,22,2000,Right,CM,CM,1.1593078101428813,5.634855921237031,True,Take-Ons_Succ%,99,+28,Standard_G/Sh,99,+34,Long_Att,53,+19,Per 90 Minutes_npxG,2,-9,Take-Ons_Att,2,-8,Take-Ons_Tkld,2,-9
ITA-Serie A,2023 - 2024,Cagliari,Gianluca Lapadula,PER,33,1990,Left,ST,ST,1.2925952588441698,5.598252069868489,True,CrsPA,43,+32,Challenges_Lost,24,+22,Challenges_Att,7,+6,Tackles_Def 3rd,1,0,Progression_PrgP,0,-1,PrgP,0,-1
FRA-Ligue 1,2023 - 2024,Metz,Ablie Jallow,GAM,24,1998,Left,RM,Wide Midfielder,1.008944918499291,5.587551508252244,True,Int,25,+14,Standard_Dist,82,+14,Tackles_Att 3rd,38,+13,CrsPA,11,-42,Challenges_Att,2,-6,Blocks_Pass,3,-5
FRA-Ligue 1,2024 - 2025,Paris S-G,Ousmane Dembélé,FRA,27,1997,Left,ST,ST,1.2881144030519274,5.573118670906488,True,Standard_Sh/90,100,+1,Standard_SoT/90,100,+1,Per 90 Minutes_npxG+xAG,100,0,Tackles_Def 3rd,1,-2,Standard_FK,37,0,Blocks_Pass,1,-28
GER-Bundesliga,2022 - 2023,Hoffenheim,Georginio Rutter,FRA,20,2002,Left,CAM,CAM,2.1344733009981094,5.445791159804797,True,Weight,83,+48,Standard_SoT/90,95,+17,Expected_xA,78,+36,CrsPA,11,-18,Challenges_Lost,1,-14,Challenges_Att,1,-5
ENG-Premier League,2022 - 2023,Chelsea,João Félix,POR,22,1999,Right,CAM,CAM,2.119908996205129,5.399928277871886,True,Standard_Sh/90,100,+10,Standard_SoT/90,98,+11,Per 90 Minutes_npxG,97,+14,Int,2,-12,Expected_xAG,14,-24,xAG,14,-24
ITA-Serie A,2023 - 2024,Monza,Milan Đurić,BIH,33,1990,Right,ST,ST,1.2543318520770832,5.383630240353811,True,Take-Ons_Succ%,89,+55,Weight,99,+5,Height,100,+10,Blocks_Sh,5,-23,Challenges_Tkl,0,0,Tackles_Def 3rd,1,0
FRA-Ligue 1,2023 - 2024,Nice,Evann Guessand,CIV,22,2001,Right,RW,Winger,2.0807976751992197,5.381978960827401,True,Height,79,+29,Carries_Dis,99,+20,Tackles_Att 3rd,99,+11,Challenges_Att,14,-40,Challenges_Lost,19,-48,Challenges_Tkl,16,-22
ENG-Premier League,2022 - 2023,Southampton,Ainsley Maitland-Niles,ENG,24,1997,Right,RB,Fullback,0.9262039248524476,5.378505017703018,True,Standard_Dist,100,+9,Take-Ons_Succ%,95,+52,Carries_Dis,42,+20,Standard_Sh,0,-1,Standard_Sh/90,0,-1,Per 90 Minutes_npxG,0,0
ENG-Premier League,2024 - 2025,Nott'ham Forest,Morato,BRA,23,2001,Left,CB,CB,2.9817256092576767,5.373329266006361,True,Take-Ons_Succ%,99,+16,Tackles_Att 3rd,13,+9,Weight,94,+15,Take-Ons_Tkld,2,0,Per 90 Minutes_xAG,1,0,Expected_xAG,1,0
ENG-Premier League,2023 - 2024,Arsenal,Bukayo Saka,ENG,21,2001,Left,RW,Winger,2.078001695341707,5.372874203839197,True,Carries_Dis,91,+17,Expected_xA,98,+4,Per 90 Minutes_Ast,100,+1,1/3,8,-19,Touches_Mid 3rd,8,-15,Int,8,-10
ENG-Premier League,2024 - 2025,Fulham,Rodrigo Muniz,BRA,23,2001,Right,ST,ST,1.2482703454948418,5.349630872753983,True,Standard_SoT/90,99,+9,Long_Cmp,7,+6,Progression_PrgP,8,+7,Challenges_Lost,0,-8,Short_Att,0,-1,Short_Cmp,0,-1
ITA-Serie A,2023 - 2024,Lazio,Matías Vecino,URU,31,1991,Right,CM,CM,1.1101015341768787,5.330170257571901,True,Take-Ons_Succ%,93,+46,Standard_Sh/90,89,+28,Standard_SoT/90,83,+18,Tackles_Att 3rd,4,-46,CrsPA,11,-32,Carries_Dis,2,-33
FRA-Ligue 1,2023 - 2024,Clermont Foot,Alan Virginius,FRA,20,2003,Right,RM,Wide Midfielder,0.9708559378710692,5.306832029387156,True,Expected_xA,72,+42,Take-Ons_Succ%,62,+36,Expected_npxG/Sh,81,+42,Short_Cmp,0,-3,Total_TotDist,1,-2,Total_Cmp,1,-1
GER-Bundesliga,2023 - 2024,Dortmund,Jadon Sancho,ENG,23,2000,Right,LW,Winger,2.055909104776424,5.300932459410557,True,Standard_G/Sh,94,+29,Standard_G/SoT,86,+20,Take-Ons_Succ%,66,+22,Standard_Sh/90,41,-35,Challenges_Tkl,0,-14,Per 90 Minutes_npxG,42,-26
ESP-La Liga,2023 - 2024,Girona,Aleix García,ESP,26,1997,Right,CM,CM,1.1053331691638941,5.300644502369809,True,Touches_Def 3rd,90,+5,Short_Cmp,100,0,Short_Att,100,+1,Challenges_Lost,83,-13,PPA,78,-19,Tackles_Def 3rd,58,-21
ESP-La Liga,2024 - 2025,Girona,Cristhian Stuani,URU,37,1986,Right,ST,ST,1.23652791585014,5.283766854198765,True,Int,22,+18,Per 90 Minutes_Ast,78,+40,Ast,57,+44,1/3,0,-1,Touches_Touches,0,0,Touches_Live,0,0
FRA-Ligue 1,2022 - 2023,Lens,Florian Sotoca,FRA,31,1990,Right,ST,ST,1.2318436933776984,5.2574927588729405,True,Tackles_Att 3rd,94,+25,Int,45,+23,Standard_SoT/90,85,+10,Carries_Mis,34,-52,Standard_G/SoT,23,-42,Standard_G/Sh,23,-42
FRA-Ligue 1,2022 - 2023,Lorient,Stéphane Diarra,FRA,23,1998,Left,RM,Wide Midfielder,0.9641382480968992,5.2573220046640206,True,Int,68,+39,Per 90 Minutes_xAG,75,+43,Per 90 Minutes_npxG+xAG,72,+14,Weight,0,-20,Per 90 Minutes_Ast,13,0,Performance_Ast,13,0
ESP-La Liga,2023 - 2024,Rayo Vallecano,Óscar Trejo,ARG,35,1988,Right,CAM,CAM,2.0708112190447947,5.245319761428443,True,Weight,66,+50,Carries_Dis,98,+16,Touches_Att Pen,65,+17,CrsPA,11,-42,Standard_G/SoT,12,-22,Standard_G/Sh,12,-14
GER-Bundesliga,2023 - 2024,Wolfsburg,Tiago Tomás,POR,21,2002,Right,LW,Winger,2.0206466737012985,5.186104784636839,True,Take-Ons_Tkld,91,+13,Take-Ons_Att,89,+17,Challenges_Tkl,50,+19,Blocks_Pass,39,-36,Blocks_Blocks,33,-25,Per 90 Minutes_Ast,36,-20
ITA-Serie A,2022 - 2023,Salernitana,Federico Bonazzoli,ITA,25,1997,Left,ST,ST,1.2178721397688907,5.179125445294788,True,Blocks_Sh,17,+12,Challenges_Lost,24,+19,Long_Cmp,35,+19,Tackles_Def 3rd,1,-2,Challenges_Tkl,0,-3,Clr,0,-6
FRA-Ligue 1,2024 - 2025,Brest,Kenny Lala,MAD,32,1991,Right,RB,Fullback,0.8991064691472644,5.165851860360938,True,Standard_Gls,64,+53,Expected_npxG/Sh,34,+33,Take-Ons_Succ%,86,+33,Touches_Att Pen,4,-33,Per 90 Minutes_Ast,44,-41,Ast,57,-34
ESP-La Liga,2024 - 2025,Real Sociedad,Takefusa Kubo,JPN,23,2001,Left,RM,Wide Midfielder,0.9509074757313198,5.159809929985496,False,Per 90 Minutes_xAG,81,+23,Carries_Mis,98,+5,Take-Ons_Succ,99,+2,Performance_Ast,13,-44,Ast,13,-44,Per 90 Minutes_Ast,13,-25
ENG-Premier League,2023 - 2024,Sheffield Utd,Luke Thomas,ENG,22,2001,Left,LB,Fullback,0.8950254055638268,5.133824829270864,True,Blocks_Pass,61,+41,Blocks_Blocks,53,+37,Take-Ons_Succ%,62,+30,Per 90 Minutes_xAG,1,-14,Standard_SoT,4,0,KP,3,-2
ENG-Premier League,2023 - 2024,Aston Villa,Álex Moreno,ESP,30,1993,Left,LB,Fullback,0.8893075730319843,5.088952899069056,True,Standard_G/Sh,96,+27,Touches_Def 3rd,50,+16,Clr,59,+21,Tackles_Att 3rd,4,-34,Tackles_Mid 3rd,0,-28,1/3,3,-10
ENG-Premier League,2023 - 2024,Tottenham,Destiny Udogie,ITA,20,2002,Left,LB,Fullback,0.8886195691396261,5.083553639390752,True,Height,68,+33,Touches_Att Pen,63,+31,Blocks_Pass,95,+17,Standard_SoT,4,0,Long_Att,15,-45,CrsPA,29,-50
GER-Bundesliga,2024 - 2025,Wolfsburg,Kilian Fischer,GER,23,2000,Right,RB,Fullback,0.8877913228541444,5.077053797133206,True,Standard_G/SoT,98,+33,Challenges_Lost,97,+22,Challenges_Att,99,+10,Standard_SoT,4,0,Per 90 Minutes_xG+xAG,2,-1,Per 90 Minutes_npxG+xAG,2,-1
ESP-La Liga,2023 - 2024,Alavés,Carlos Vicente,ESP,24,1999,Right,RM,Wide Midfielder,0.9386869991042218,5.069743832818795,False,CrsPA,100,+8,Clr,62,+21,Challenges_Att,93,+7,Take-Ons_Succ%,11,-25,Tackles_Mid 3rd,44,-23,Take-Ons_Succ,87,-9
ITA-Serie A,2024 - 2025,Fiorentina,Pablo Marí,ESP,30,1993,Left,CB,CB,2.836618607125538,5.05283987469034,True,Standard_Dist,82,+71,Standard_Sh/90,12,+10,Int,74,+32,Take-Ons_Succ%,1,-87,Take-Ons_Succ,1,-2,Take-Ons_Att,1,-1
ENG-Premier League,2024 - 2025,Fulham,Sander Berge,NOR,26,1998,Right,CDM,CDM,1.8820909386196296,5.0340133732303105,True,Weight,100,+61,Height,98,+57,Expected_npxG/Sh,76,+57,Standard_Dist,2,-89,CrsPA,11,0,Standard_SoT,4,0
FRA-Ligue 1,2024 - 2025,Nantes,Sorba Thomas,WAL,24,1999,Right,RM,Wide Midfielder,0.9337307660365338,5.033215914745178,False,Standard_G/SoT,98,+23,Expected_npxG/Sh,94,+55,Carries_Dis,73,+28,Standard_SoT/90,7,-47,Standard_SoT,4,-36,Standard_Sh,15,-21
GER-Bundesliga,2022 - 2023,Hoffenheim,Pavel Kadeřábek,CZE,30,1992,Right,RB,Fullback,0.8818980251570051,5.030804866012571,True,Take-Ons_Succ%,86,+58,Tackles_Att 3rd,77,+39,Standard_G/SoT,95,+19,Carries_Mis,5,-16,Tackles_Mid 3rd,8,-36,Expected_npxG/Sh,14,-25
ESP-La Liga,2024 - 2025,Real Sociedad,Sheraldo Becker,SUR,29,1995,Right,ST,ST,1.1912048809566045,5.029547131234226,True,Standard_Dist,65,+22,Progression_PrgC,74,+39,Carries_PrgC,74,+39,Carries_Dis,12,-36,Challenges_Tkl,0,-1,Tackles_Att 3rd,4,-14
FRA-Ligue 1,2022 - 2023,Nice,Nicolas Pépé,CIV,27,1995,Left,RM,Wide Midfielder,0.9316200858447063,5.017659997161455,False,Height,50,+30,Carries_Dis,97,+15,Per 90 Minutes_xG+xAG,94,+14,Ast,13,-24,Performance_Ast,13,-24,Per 90 Minutes_Ast,13,-25
ENG-Premier League,2022 - 2023,Manchester Utd,Anthony Martial,FRA,26,1995,Right,LW,Winger,1.963521787832368,5.000084773649268,False,Expected_npxG/Sh,98,+11,Take-Ons_Succ%,72,+50,Per 90 Minutes_xG+xAG,96,+8,Int,2,-9,Tackles_Def 3rd,1,-7,CrsPA,11,-32
ENG-Premier League,2023 - 2024,Luton Town,Elijah Adebayo,ENG,25,1998,Right,ST,ST,1.182996675111644,4.9835067938904585,True,Standard_G/Sh,99,+18,Standard_G/SoT,96,+20,Take-Ons_Tkld,93,+29,Tackles_Mid 3rd,0,-13,Standard_Dist,3,-12,Tackles_TklW,0,-8
ESP-La Liga,2023 - 2024,Girona,Portu,ESP,31,1992,Right,RM,Wide Midfielder,0.9210452117661094,4.939722150271215,False,Standard_G/Sh,99,+6,Blocks_Sh,17,+12,Per 90 Minutes_Ast,98,+9,Standard_Dist,10,-28,Take-Ons_Succ,14,-36,Take-Ons_Succ%,3,-24
ITA-Serie A,2024 - 2025,Monza,Milan Đurić,BIH,34,1990,Right,ST,ST,1.16890220303401,4.904450022971999,True,Take-Ons_Succ%,89,+55,Weight,99,+5,Height,100,+10,Blocks_Sh,5,-23,Challenges_Tkl,0,0,Tackles_Def 3rd,1,0
ESP-La Liga,2024 - 2025,Mallorca,Omar Mascarell,EQG,31,1993,Right,CM,CM,1.0404228468688383,4.898719255255987,True,Blocks_Sh,94,+26,Int,97,+34,Clr,75,+18,CrsPA,11,0,KP,5,-12,Per 90 Minutes_xAG,6,-3
ITA-Serie A,2022 - 2023,Hellas Verona,Milan Đurić,BIH,32,1990,Right,ST,ST,1.1613258822091368,4.861953968025237,True,Take-Ons_Succ%,89,+49,Weight,99,+5,Height,100,+10,Blocks_Sh,5,-12,Blocks_Blocks,0,-1,Blocks_Pass,0,-1
ITA-Serie A,2024 - 2025,Bologna,Giovanni Fabbian,ITA,21,2003,Right,CM,CM,1.031929474084959,4.846128221437463,True,Tackles_Att 3rd,69,+44,Standard_G/SoT,93,+28,Carries_TotDist,6,+3,Int,4,-7,Short_Cmp,2,-2,Short_Att,1,-2
ESP-La Liga,2022 - 2023,Girona,Javi Hernández,ESP,24,1998,Left,RM,Wide Midfielder,0.908179718041095,4.8449022145769485,False,Take-Ons_Succ%,91,+42,Blocks_Sh,53,+36,Touches_Def Pen,57,+22,Carries_Mis,7,-19,Touches_Att Pen,13,-15,Blocks_Pass,5,-32
GER-Bundesliga,2022 - 2023,RB Leipzig,Amadou Haidara,MLI,24,1998,Right,CM,CM,1.0309762511369358,4.84022585713865,True,Blocks_Blocks,91,+41,Blocks_Pass,91,+42,Clr,74,+19,Standard_SoT,4,-19,Carries_CPA,7,0,KP,11,-26
GER-Bundesliga,2024 - 2025,Bochum,Dani de Wit,NED,26,1998,Right,CAM,CAM,1.9323365992161683,4.8092642661489124,True,Challenges_Tkl,62,+24,Touches_Att Pen,52,+14,CrsPA,43,+14,Take-Ons_Succ%,2,-42,Standard_Dist,11,-28,xAG,14,-11
GER-Bundesliga,2023 - 2024,Wolfsburg,Aster Vranckx,BEL,20,2002,Right,CM,CM,1.0244254782368358,4.799663417705812,True,Tackles_Att 3rd,91,+53,Take-Ons_Succ,58,+28,Take-Ons_Att,46,+20,Progression_PrgC,2,-11,Carries_PrgC,2,-11,Per 90 Minutes_npxG,2,+2
GER-Bundesliga,2024 - 2025,Union Berlin,Andrej Ilic,SRB,24,2000,Right,ST,ST,1.149469196093691,4.795449077815952,True,Int,14,+12,1/3,9,+8,Standard_G/SoT,91,+16,Tackles_Att 3rd,4,-9,Tackles_Def 3rd,1,0,Challenges_Tkl,0,-1
ITA-Serie A,2024 - 2025,Empoli,Emmanuel Gyasi,GHA,30,1994,Right,RM,Wide Midfielder,0.9014478489214489,4.7952876867033725,False,Expected_npxG/Sh,96,+31,Take-Ons_Succ%,78,+40,Clr,84,+30,Standard_Dist,9,-46,Per 90 Minutes_xAG,12,-31,Standard_Sh/90,27,-34
GER-Bundesliga,2023 - 2024,Heidenheim,Adrian Beck,GER,26,1997,Right,CM,CM,1.020077244949142,4.772739121586611,True,Take-Ons_Succ,91,+19,Blocks_Pass,90,+21,Take-Ons_Succ%,71,+28,Carries_1/3,34,-27,Int,29,-23,Tackles_Mid 3rd,49,-27
FRA-Ligue 1,2023 - 2024,Lille,Angel Gomes,ENG,22,2000,Right,CAM,CAM,1.9177079184539474,4.763198664792139,True,Carries_TotDist,97,+15,Medium_Cmp,87,+8,Take-Ons_Succ%,86,+29,Standard_Gls,11,-41,Height,0,-17,Standard_G/SoT,12,-14
ENG-Premier League,2022 - 2023,Wolves,Daniel Podence,POR,26,1995,Right,RW,Winger,1.884987791594948,4.744348685589473,False,Challenges_Lost,83,+36,Standard_SoT/90,83,+13,Standard_SoT,83,+17,Weight,0,-30,Height,0,-17,Blocks_Sh,5,0
ITA-Serie A,2022 - 2023,Milan,Charles De Ketelaere,BEL,21,2001,Left,CAM,CAM,1.9084197399966716,4.733950263442892,True,Height,93,+64,Take-Ons_Succ%,84,+48,Weight,66,+36,CrsPA,11,-42,Standard_G/SoT,12,-29,Standard_G/Sh,12,-22
ENG-Premier League,2022 - 2023,Leeds United,Junior Firpo,DOM,25,1996,Left,LB,Fullback,0.8439754364728594,4.73319913114182,True,Standard_G/Sh,100,+31,Standard_G/SoT,98,+12,Challenges_Lost,75,+20,Standard_SoT,4,0,Standard_Dist,13,-54,Standard_Sh/90,1,-7
ESP-La Liga,2023 - 2024,Almería,Álex Centelles,ESP,25,1997,Left,LB,Fullback,0.8419510757014379,4.7173125211838265,True,Int,57,+28,Height,62,+27,Per 90 Minutes_xG+xAG,40,+13,Tackles_Att 3rd,4,-9,Per 90 Minutes_npxG,0,0,Expected_npxG,0,-1
ENG-Premier League,2023 - 2024,Burnley,Luca Koleosho,ITA,18,2004,Right,LM,Wide Midfielder,0.8878755281495987,4.695258367167303,False,Blocks_Blocks,19,+15,Blocks_Pass,39,+28,Standard_Dist,61,+17,Tackles_Att 3rd,4,-21,Clr,0,-2,Long_Cmp,0,-5
ITA-Serie A,2022 - 2023,Spezia,Daniele Verde,ITA,26,1996,Left,RW,Winger,1.8647039739941722,4.678296982980847,False,CrsPA,72,+19,Standard_Sh/90,93,+9,Touches_Def Pen,12,+8,Per 90 Minutes_Ast,13,-61,Ast,13,-44,Performance_Ast,13,-44
ENG-Premier League,2022 - 2023,Brentford,Mikkel Damsgaard,DEN,22,2000,Right,CAM,CAM,1.885150288517603,4.6606749426502025,True,Tackles_Att 3rd,100,+9,Tackles_TklW,95,+8,CrsPA,95,+9,Standard_Dist,54,-27,Standard_SoT/90,37,-26,Standard_SoT,52,-26
GER-Bundesliga,2024 - 2025,Wolfsburg,Bence Dárdai,HUN,18,2006,Right,CAM,CAM,1.8807745695780147,4.646895837917743,True,Standard_G/SoT,98,+50,Height,83,+48,Clr,49,+17,Standard_SoT/90,7,-34,Per 90 Minutes_npxG+xAG,38,-10,Per 90 Minutes_xG+xAG,37,-8
ITA-Serie A,2023 - 2024,Cagliari,Adam Obert,SVK,20,2002,Left,LB,Fullback,0.8307054751638043,4.629060233347143,True,Carries_Mis,48,+25,Weight,80,+29,Int,70,+18,Carries_CPA,7,-23,Expected_xA,3,-14,Receiving_PrgR,22,-12
ESP-La Liga,2022 - 2023,Barcelona,Jules Koundé,FRA,23,1998,Right,RB,Fullback,0.8305673836450683,4.627976530220885,True,Tackles_Att 3rd,94,+11,Progression_PrgR,92,+8,Receiving_PrgR,92,+8,Int,63,-24,Long_Att,60,-21,Blocks_Sh,53,-19
ENG-Premier League,2024 - 2025,Everton,Jack Harrison,ENG,27,1996,Left,RM,Wide Midfielder,0.8743563097943774,4.5956204175885444,False,Per 90 Minutes_xAG,78,+30,Expected_npxG/Sh,76,+37,Long_Att,55,+25,Performance_Ast,13,-24,Ast,13,-24,Per 90 Minutes_Ast,13,0
ESP-La Liga,2022 - 2023,Mallorca,Antonio Sánchez,ESP,25,1997,Right,RM,Wide Midfielder,0.8743037335602885,4.595232925647549,False,Take-Ons_Succ%,76,+38,Weight,62,+27,Carries_CPA,57,+20,Per 90 Minutes_Ast,13,0,Ast,13,0,Performance_Ast,13,0
GER-Bundesliga,2023 - 2024,Leverkusen,Granit Xhaka,SUI,30,1992,Left,CDM,CDM,1.7488389891695157,4.576391009569095,True,Weight,72,+33,Height,68,+27,Progression_PrgR,51,+16,Carries_CPA,7,-23,Int,39,-39,Standard_SoT/90,12,-28
ENG-Premier League,2024 - 2025,Everton,Vitaliy Mykolenko,UKR,25,1999,Left,LB,Fullback,0.8214021997629445,4.556050763043357,True,Standard_G/SoT,98,+18,Clr,97,+14,Tackles_Att 3rd,91,+22,Standard_SoT,4,0,Standard_SoT/90,0,-9,Blocks_Pass,49,-32
ITA-Serie A,2022 - 2023,Lecce,Remi Oudin,FRA,25,1996,Left,RW,Winger,1.8252841866855887,4.549931400157712,False,Long_Att,93,+13,Standard_Dist,91,+7,Height,62,+49,Expected_npxG/Sh,14,-25,Take-Ons_Succ,14,-24,Take-Ons_Att,19,-20
GER-Bundesliga,2022 - 2023,Leverkusen,Patrik Schick,CZE,26,1996,Left,ST,ST,1.102326682234272,4.531023784113859,True,Standard_G/SoT,94,+13,Standard_SoT/90,99,+4,Performance_G-PK,99,+2,Carries_1/3,2,-11,Long_Att,0,-3,Performance_Ast,13,0
FRA-Ligue 1,2024 - 2025,Rennes,Djaoui Cissé,FRA,20,2004,Right,CM,CM,0.9767535392387998,4.5044783811089415,True,Standard_SoT/90,69,+44,Height,79,+44,Blocks_Pass,83,+49,CrsPA,11,-18,Carries_CPA,7,-13,Touches_Att Pen,1,-2
ESP-La Liga,2022 - 2023,Elche,Raúl Guti,ESP,25,1996,Right,CM,CM,0.9762024474318923,4.501066016128425,True,Standard_SoT/90,73,+29,Standard_SoT,57,+34,Carries_Dis,57,+22,Per 90 Minutes_xAG,6,-15,KP,3,-14,xAG,3,-10
ITA-Serie A,2024 - 2025,Hellas Verona,Reda Belahyane,MAR,20,2004,Right,CM,CM,0.9730685574168272,4.481660943495955,True,Blocks_Sh,72,+33,Take-Ons_Succ,86,+28,Touches_Def Pen,54,+20,CrsPA,11,-32,Weight,0,-12,Per 90 Minutes_npxG,2,-2
FRA-Ligue 1,2024 - 2025,Angers,Florent Hanin,ALG,34,1990,Left,LB,Fullback,0.8098376940640233,4.465295797826984,True,Standard_G/SoT,98,+21,Expected_npxG/Sh,53,+34,Int,97,+12,Standard_SoT,4,-10,Standard_SoT/90,0,-9,Carries_Dis,22,-13
ENG-Premier League,2023 - 2024,Sheffield Utd,Oliver Norwood,NIR,32,1991,Right,CDM,CDM,1.7042976680068125,4.423424356884584,True,Standard_Gls,33,+22,Standard_Dist,100,+7,Long_Att,92,+37,Expected_npxG/Sh,0,-10,Take-Ons_Succ,3,-13,Take-Ons_Att,4,-9
ENG-Premier League,2023 - 2024,Fulham,Tim Ream,USA,35,1987,Left,CB,CB,2.522346810438237,4.358726045942189,True,Expected_npxG/Sh,100,+43,Standard_G/Sh,100,+5,Standard_G/SoT,98,0,Standard_Dist,0,-11,KP,0,-3,Standard_Sh/90,0,-4
FRA-Ligue 1,2022 - 2023,Marseille,Nuno Tavares,POR,22,2000,Left,LB,Fullback,0.7956843733998351,4.354224546014261,True,Standard_Sh,93,+22,Carries_Dis,99,+15,Take-Ons_Tkld,99,+8,Ast,13,0,Performance_Ast,13,0,Per 90 Minutes_Ast,13,0
ITA-Serie A,2023 - 2024,Salernitana,Alessandro Zanoli,ITA,22,2000,Right,RB,Fullback,0.7942937040083243,4.343310966520257,True,Height,79,+44,Take-Ons_Tkld,61,+23,Per 90 Minutes_xAG,81,+23,Tackles_Att 3rd,4,-21,Int,2,-23,Standard_SoT,4,0
ITA-Serie A,2022 - 2023,Cremonese,Cristian Buonaiuto,ITA,29,1992,Right,CAM,CAM,1.7834598359438474,4.34045250248661,False,Standard_Sh/90,99,+14,Per 90 Minutes_xG+xAG,84,+24,Int,45,+23,Standard_G/SoT,12,-22,Performance_G-PK,12,-41,Standard_G/Sh,12,-22
GER-Bundesliga,2023 - 2024,Wolfsburg,Ridle Baku,GER,25,1998,Right,RM,Wide Midfielder,0.835335492994678,4.308033215824854,False,Weight,66,+31,Blocks_Pass,72,+33,Int,49,+20,Carries_1/3,13,-23,Carries_PrgC,23,-13,Progression_PrgC,23,-13
ENG-Premier League,2024 - 2025,Bournemouth,David Brooks,WAL,27,1997,Left,RM,Wide Midfielder,0.8332668819632059,4.2927873520303494,False,Per 90 Minutes_xAG,83,+29,Standard_SoT/90,92,+8,Expected_xA,60,+22,Per 90 Minutes_Ast,13,-25,Performance_Ast,13,-12,Ast,13,-12
ITA-Serie A,2024 - 2025,Parma,Giovanni Leoni,ITA,17,2006,Right,CB,CB,2.488044814834512,4.282965224407527,True,Take-Ons_Succ%,99,+11,Standard_G/SoT,98,0,Standard_G/Sh,100,+7,Take-Ons_Tkld,2,0,Progression_PrgC,0,-2,Carries_PrgC,0,-2
FRA-Ligue 1,2024 - 2025,Nice,Tanguy Ndombele,FRA,27,1996,Right,CM,CM,0.9340409106227804,4.240001435002603,True,Tackles_Mid 3rd,81,+42,Per 90 Minutes_xAG,85,+31,Expected_npxG/Sh,98,+26,CrsPA,11,-32,Blocks_Sh,5,-23,Touches_Att 3rd,18,-17
ITA-Serie A,2023 - 2024,Napoli,Mathías Olivera,URU,25,1997,Left,LB,Fullback,0.7788973429142393,4.2224846854901275,False,Tackles_Mid 3rd,89,+16,KP,69,+17,Carries_CPA,53,+10,Expected_xA,22,-32,Take-Ons_Succ%,10,-35,PPA,40,-24
ITA-Serie A,2024 - 2025,Juventus,Renato Veiga,POR,21,2003,Left,CB,CB,2.4542478442994295,4.20831982235277,True,Standard_FK,78,+41,Take-Ons_Succ%,99,+16,Tackles_Att 3rd,13,+9,Per 90 Minutes_xAG,1,-8,Carries_Dis,1,-1,Progression_PrgR,0,-2
ESP-La Liga,2024 - 2025,Barcelona,Pedri,ESP,21,2002,Right,CM,CM,0.9287929747263315,4.207506172963543,True,Carries_1/3,100,+2,Touches_Mid 3rd,100,0,1/3,100,0,Standard_FK,37,0,Weight,1,-19,Touches_Def 3rd,54,-27
GER-Bundesliga,2024 - 2025,Bayern Munich,Michael Olise,FRA,22,2001,Left,RM,Wide Midfielder,0.8185051851631352,4.183992215890373,False,Per 90 Minutes_xAG,100,+1,Short_Cmp,96,+8,Short_Att,96,+6,Tackles_Att 3rd,60,-31,Long_Cmp,60,-24,Carries_Dis,79,-12
ESP-La Liga,2023 - 2024,Barcelona,Iñigo Martínez,ESP,32,1991,Left,CB,CB,2.440120746469401,4.17711812348172,True,Take-Ons_Succ%,99,+16,Ast,81,+44,Performance_Ast,81,+44,Tackles_Att 3rd,4,-34,Take-Ons_Tkld,2,-13,Carries_CPA,7,0
ENG-Premier League,2024 - 2025,Manchester Utd,Bruno Fernandes,POR,29,1994,Right,CAM,CAM,1.7278554074054302,4.165354591720999,False,Tackles_Mid 3rd,98,+7,Tackles_TklW,98,+8,Challenges_Tkl,93,+4,Take-Ons_Succ%,36,-26,Standard_G/Sh,32,-27,Receiving_PrgR,77,-12
ESP-La Liga,2024 - 2025,Real Madrid,Kylian Mbappé,FRA,25,1998,Right,ST,ST,1.03123495661909,4.13226587142297,True,Take-Ons_Succ,99,+3,Standard_SoT,100,0,Touches_Att Pen,100,+1,Blocks_Sh,5,0,Blocks_Blocks,0,-13,Blocks_Pass,1,-28
ITA-Serie A,2024 - 2025,Bologna,Lewis Ferguson,SCO,24,1999,Right,CM,CM,0.9114635109994109,4.10020199167891,True,Standard_Gls,33,+22,Tackles_Att 3rd,69,+44,Tackles_Mid 3rd,59,+31,CrsPA,11,-32,Standard_SoT,4,-10,Expected_npxG/Sh,2,-17
ENG-Premier League,2022 - 2023,Manchester City,Kevin De Bruyne,BEL,31,1991,Right,CM,CM,0.9106882376716755,4.095401492885908,True,CrsPA,91,+19,Touches_Att 3rd,98,+7,Standard_Sh/90,94,+10,Blocks_Sh,5,-12,Take-Ons_Succ%,24,-34,Touches_Def 3rd,16,-12
GER-Bundesliga,2024 - 2025,Gladbach,Alassane Pléa,FRA,31,1993,Right,ST,ST,1.0226282438721574,4.083990284068766,True,Standard_G/SoT,96,+30,Standard_G/Sh,96,+18,Tackles_Att 3rd,60,+35,Tackles_Def 3rd,1,-2,Blocks_Sh,5,0,Standard_SoT/90,69,-24
ESP-La Liga,2024 - 2025,Valladolid,Eray Cömert,SUI,26,1998,Right,CB,CB,2.3948764725799916,4.077189728667612,True,Standard_FK,78,+41,Take-Ons_Succ%,99,+11,Standard_Dist,81,+68,Take-Ons_Tkld,2,-4,Tackles_Att 3rd,4,0,KP,0,-3
ESP-La Liga,2022 - 2023,Celta Vigo,Javi Galán,ESP,27,1994,Left,LB,Fullback,0.759897587987509,4.073379990279863,False,Tackles_TklW,100,+2,Blocks_Pass,100,+5,Tackles_Mid 3rd,99,+8,Standard_SoT,4,-10,Standard_SoT/90,0,-9,Tackles_Att 3rd,50,-35
FRA-Ligue 1,2023 - 2024,Marseille,Vitinha,POR,23,2000,Right,CM,CM,0.9051728338104914,4.061250067019273,False,Standard_Sh/90,98,+14,Per 90 Minutes_xAG,96,+23,Per 90 Minutes_xG+xAG,98,+18,Short_Att,1,-5,Short_Cmp,1,-6,Touches_Mid 3rd,0,-6
ENG-Premier League,2023 - 2024,Newcastle Utd,Callum Wilson,ENG,31,1992,Right,ST,ST,1.015089579010224,4.041705443761291,True,Carries_Dis,86,+26,Expected_npxG/Sh,99,+3,Take-Ons_Succ%,42,+18,Challenges_Tkl,0,-1,Tackles_Def 3rd,1,0,Total_TotDist,0,0
ITA-Serie A,2022 - 2023,Empoli,Liam Henderson,SCO,26,1996,Right,CM,CM,0.9006909660607618,4.033498305216995,False,CrsPA,87,+34,Carries_CPA,43,+23,Standard_Dist,99,+2,Standard_SoT/90,17,-28,Take-Ons_Tkld,15,-16,Standard_Sh/90,40,-16
GER-Bundesliga,2024 - 2025,Union Berlin,Janik Haberer,GER,30,1994,Right,CM,CM,0.8956014792260046,4.001984161065254,False,Expected_xA,57,+40,Challenges_Tkl,82,+28,Tackles_TklW,77,+21,Blocks_Sh,5,-58,Carries_1/3,4,-11,Carries_CPA,7,0
ENG-Premier League,2023 - 2024,Burnley,Jacob Bruun Larsen,DEN,24,1998,Right,LM,Wide Midfielder,0.7935575480522967,4.000125712425041,False,Standard_FK,99,+14,Per 90 Minutes_xG+xAG,84,+9,Standard_G/SoT,67,+16,Performance_Ast,13,-24,Ast,13,-24,Per 90 Minutes_Ast,13,-12
FRA-Ligue 1,2024 - 2025,Brest,Edimilson Fernandes,SUI,28,1996,Right,CDM,CDM,1.5726939701088436,3.971462524077239,True,Take-Ons_Succ%,95,+33,Carries_Mis,27,+17,Carries_TotDist,30,+17,CrsPA,11,0,Tackles_Def 3rd,10,-27,Tackles_Att 3rd,4,-21
ITA-Serie A,2024 - 2025,Inter,Piotr Zieliński,POL,30,1994,Right,CM,CM,0.886910756693348,3.9481711359864713,False,Standard_Gls,52,+41,Per 90 Minutes_xG+xAG,69,+21,Per 90 Minutes_Ast,80,+24,CrsPA,11,-32,Take-Ons_Succ%,13,-55,Challenges_Att,12,-14
ESP-La Liga,2022 - 2023,Girona,Yan Couto,BRA,20,2002,Right,RB,Fullback,0.739087912340347,3.91007154989418,False,Per 90 Minutes_Ast,96,+7,Performance_Ast,96,+5,Ast,96,+5,Weight,1,-24,Height,1,-34,Blocks_Pass,34,-38
ESP-La Liga,2023 - 2024,Real Madrid,Fran Garcia,ESP,23,1999,Left,LB,Fullback,0.7375541573346077,3.8980350750270105,False,Progression_PrgR,90,+15,Receiving_PrgR,90,+15,Short_Cmp,96,+8,Weight,2,-28,Height,1,-34,Take-Ons_Succ,30,-40
ESP-La Liga,2023 - 2024,Rayo Vallecano,Florian Lejeune,FRA,32,1991,Right,CB,CB,2.3049367183911724,3.8785450275053726,True,Standard_FK,100,+63,Standard_Sh,90,+18,Standard_Dist,91,+81,Blocks_Pass,8,-45,Expected_npxG/Sh,24,-41,Touches_Att Pen,53,-18
FRA-Ligue 1,2022 - 2023,Nice,Ross Barkley,ENG,28,1993,Right,CM,CM,0.8755645353549596,3.87791524056031,False,Standard_SoT/90,99,+15,Standard_Sh/90,98,+8,Carries_Dis,71,+32,CrsPA,11,-50,Carries_Mis,17,-19,Tackles_Mid 3rd,8,-15
GER-Bundesliga,2023 - 2024,Köln,Max Finkgräfe,GER,19,2004,Left,LB,Fullback,0.7336582805102613,3.867461337170336,False,Take-Ons_Succ%,85,+39,Challenges_Lost,94,+19,Standard_FK,85,+48,Tackles_Att 3rd,4,-65,Performance_Ast,13,0,Ast,13,0
ITA-Serie A,2023 - 2024,Inter,Davide Frattesi,ITA,23,1999,Right,CM,CM,0.8709031268645939,3.8490517610219963,False,Standard_G/SoT,96,+19,Carries_PrgDist,17,+9,Per 90 Minutes_npxG,87,+10,Carries_Dis,12,-30,Height,24,-44,Weight,39,-23
ITA-Serie A,2023 - 2024,Udinese,Festy Ebosele,IRL,20,2002,Right,RM,Wide Midfielder,0.7725733806691114,3.8454703649973148,False,Take-Ons_Succ,95,+14,Carries_CPA,91,+12,Blocks_Pass,92,+21,Performance_Ast,13,-24,Ast,13,-24,Per 90 Minutes_Ast,13,0
ITA-Serie A,2023 - 2024,Genoa,Ruslan Malinovskyi,UKR,30,1993,Left,CM,CM,0.8664053450787065,3.8212014593775296,False,Standard_SoT/90,79,+30,Standard_Sh/90,82,+30,Standard_Dist,100,+4,Carries_CPA,7,-23,Touches_Att Pen,1,-10,Int,14,-40
ESP-La Liga,2023 - 2024,Las Palmas,Saúl Coco,EQG,24,1999,Right,CB,CB,2.2720595119377367,3.8059310548534007,True,Standard_FK,98,+61,Standard_Dist,96,+89,Carries_Dis,29,+24,Expected_xAG,1,-3,xAG,1,-3,Tackles_Att 3rd,4,0
ENG-Premier League,2023 - 2024,Brentford,Kristoffer Ajer,NOR,25,1998,Right,RB,Fullback,0.7257324049083665,3.8052613103567086,False,Height,99,+49,Weight,86,+35,Touches_Att Pen,53,+19,Standard_Dist,3,-38,Tackles_Att 3rd,13,-25,Expected_xA,12,-12
GER-Bundesliga,2024 - 2025,RB Leipzig,Benjamin Henrichs,GER,27,1997,Right,RB,Fullback,0.7222278423991083,3.7777584964097186,False,Take-Ons_Succ%,92,+60,Weight,86,+47,Blocks_Pass,65,+31,Standard_SoT,4,0,Carries_CPA,7,-13,CrsPA,53,-26
ENG-Premier League,2023 - 2024,Brentford,Mads Roerslev,DEN,24,1999,Right,RB,Fullback,0.7152176833120221,3.722744753438491,False,Challenges_Lost,59,+30,Per 90 Minutes_xAG,92,+15,Per 90 Minutes_npxG+xAG,62,+14,Carries_CPA,7,-30,Int,11,-21,CrsPA,61,-24
ESP-La Liga,2024 - 2025,Getafe,Alex Sola,ESP,25,1999,Right,RM,Wide Midfielder,0.7553078694741513,3.718221874093955,False,Carries_Mis,85,+35,Weight,45,+30,Take-Ons_Tkld,87,+21,Tackles_Att 3rd,4,-34,PPA,6,-13,Blocks_Sh,5,0
ENG-Premier League,2022 - 2023,Leicester City,Wilfred Ndidi,NGA,25,1996,Right,CDM,CDM,1.4916433218610263,3.6931132062586234,True,Blocks_Sh,92,+17,Carries_Dis,84,+20,Progression_PrgR,53,+20,Standard_Dist,24,-39,Standard_Gls,11,0,Performance_G-PK,12,0
ENG-Premier League,2023 - 2024,Brighton,Danny Welbeck,ENG,32,1990,Right,ST,ST,0.9518930734058156,3.68723231139453,True,Standard_FK,98,+8,Short_Cmp,38,+16,Standard_G/SoT,71,+14,Per 90 Minutes_xAG,34,-24,Long_Att,3,-6,Expected_xAG,43,-23
GER-Bundesliga,2023 - 2024,Darmstadt 98,Matthias Bader,GER,26,1997,Right,RB,Fullback,0.7106362649702503,3.6867910799245487,False,Standard_G/SoT,98,+21,Standard_Sh/90,40,+22,Challenges_Lost,91,+19,Standard_SoT,4,-10,Clr,36,-34,CrsPA,72,-17
ITA-Serie A,2022 - 2023,Milan,Ante Rebić,CRO,28,1993,Right,LM,Wide Midfielder,0.7479888810788206,3.6642802202541946,False,Weight,72,+47,Height,62,+38,Blocks_Sh,17,+12,Tackles_Def 3rd,3,-7,Carries_PrgDist,3,-10,Touches_Def 3rd,1,-5
ITA-Serie A,2022 - 2023,Inter,Matteo Darmian,ITA,32,1989,Right,RB,Fullback,0.7047732849072362,3.640780073009418,False,Standard_G/SoT,98,+12,Expected_npxG/Sh,96,+39,Carries_CPA,64,+34,Weight,20,-36,Blocks_Pass,15,-24,Standard_SoT/90,24,-20
GER-Bundesliga,2024 - 2025,Freiburg,Merlin Röhl,GER,22,2002,Right,CAM,CAM,1.5512848046749252,3.6093351441085586,False,Height,93,+64,Weight,66,+36,Carries_Mis,76,+21,Standard_G/SoT,12,-23,Challenges_Lost,1,-25,Standard_G/Sh,12,-14
GER-Bundesliga,2023 - 2024,Union Berlin,Rani Khedira,GER,29,1994,Right,CDM,CDM,1.4669434802682484,3.608287431188246,True,Standard_G/SoT,98,+30,CrsPA,53,+42,Weight,91,+29,Standard_SoT,4,-19,Standard_SoT/90,0,-25,Long_Cmp,29,-22
ITA-Serie A,2022 - 2023,Salernitana,Boulaye Dia,SEN,25,1996,Right,ST,ST,0.932250773279389,3.577057427734241,False,Take-Ons_Tkld,79,+32,Take-Ons_Att,67,+25,Touches_Def Pen,16,+10,Tackles_Att 3rd,4,-21,Blocks_Sh,5,0,Take-Ons_Succ%,12,-26
ESP-La Liga,2023 - 2024,Alavés,Nahuel Tenaglia,ARG,27,1996,Right,RB,Fullback,0.6947297237762086,3.5619610499724064,False,Tackles_Def 3rd,100,+2,Clr,95,+8,Take-Ons_Succ%,57,+21,Tackles_Att 3rd,60,-28,Blocks_Pass,81,-14,Blocks_Blocks,79,-15
ENG-Premier League,2024 - 2025,Chelsea,Reece James,ENG,24,1999,Right,RB,Fullback,0.6947190168914117,3.5618770253731182,False,Weight,98,+26,Carries_Dis,29,+17,Take-Ons_Att,30,+15,Challenges_Tkl,6,-21,Challenges_Att,6,-12,Carries_1/3,4,-27
ITA-Serie A,2022 - 2023,Roma,Andrea Belotti,ITA,28,1993,Right,ST,ST,0.92924769340637,3.560212965858451,False,Blocks_Sh,17,+12,Expected_npxG/Sh,85,+20,Weight,86,+30,Standard_G/SoT,12,-26,Standard_G/Sh,12,-32,Standard_Gls,11,-41
ITA-Serie A,2024 - 2025,Torino,Cristiano Biraghi,ITA,31,1992,Left,LB,Fullback,0.6936025674643113,3.553115446490262,False,Standard_FK,90,+53,Height,62,+21,Per 90 Minutes_xAG,88,+22,Standard_SoT,4,-10,Per 90 Minutes_Ast,13,0,Ast,13,0
ITA-Serie A,2022 - 2023,Lazio,Patric,ESP,29,1993,Right,CB,CB,2.144691847668216,3.5246215067592983,True,Tackles_Att 3rd,25,+21,Standard_Dist,83,+70,Long_Cmp,95,+37,Carries_Dis,1,-1,Carries_1/3,0,-2,Progression_PrgC,0,-2
ESP-La Liga,2024 - 2025,Real Madrid,Federico Valverde,URU,26,1998,Right,CM,CM,0.8142720535323311,3.49839169127336,False,Int,99,+14,Standard_SoT,90,+16,Standard_SoT/90,73,+15,Carries_Dis,2,-57,Challenges_Lost,47,-47,Challenges_Att,74,-19
ITA-Serie A,2022 - 2023,Torino,Valentino Lazaro,AUT,26,1996,Right,RM,Wide Midfielder,0.7236066655109522,3.4845809283619666,False,Standard_FK,85,+48,Ast,91,+10,Performance_Ast,91,+10,Standard_SoT/90,10,-31,Standard_Gls,11,0,Performance_G-PK,12,0
ITA-Serie A,2023 - 2024,Napoli,Giovanni Di Lorenzo,ITA,29,1993,Right,RB,Fullback,0.6791954641128193,3.440052580028507,False,Expected_npxG/Sh,89,+32,PPA,97,+12,Weight,80,+24,Take-Ons_Succ%,2,-41,Blocks_Blocks,40,-47,Blocks_Pass,39,-48
ENG-Premier League,2022 - 2023,Manchester City,Rico Lewis,ENG,17,2004,Right,RB,Fullback,0.6790267654408907,3.438728680633105,False,Expected_npxG/Sh,85,+46,Touches_Att 3rd,80,+28,Carries_Dis,59,+17,CrsPA,11,-42,Height,2,-53,Weight,4,-55
ITA-Serie A,2023 - 2024,Cagliari,Yerry Mina,COL,28,1994,Right,CB,CB,2.099271941238817,3.4243052025747973,True,Weight,100,+20,Height,98,+19,Carries_Dis,42,+30,Take-Ons_Succ%,22,-59,Long_Att,73,-19,Challenges_Lost,38,-21
ITA-Serie A,2024 - 2025,Genoa,Morten Frendrup,DEN,23,2001,Right,CM,CM,0.8007708020810088,3.4147918317432846,False,Tackles_Att 3rd,100,+17,Blocks_Blocks,99,+8,Tackles_Mid 3rd,100,+3,CrsPA,11,-32,Weight,20,-31,Height,24,-31
ITA-Serie A,2022 - 2023,Atalanta,Caleb Okoli,ITA,21,2001,Right,CB,CB,2.093527718356936,3.4116182717723738,True,Weight,98,+18,Receiving_PrgR,17,+13,Progression_PrgR,17,+13,Take-Ons_Succ%,1,-79,Per 90 Minutes_xAG,1,-2,Take-Ons_Succ,1,-5
ENG-Premier League,2022 - 2023,Arsenal,Martin Ødegaard,NOR,23,1998,Left,CM,CM,0.7999532403868505,3.409729483039149,False,Touches_Att Pen,91,+20,PrgP,99,+6,Progression_PrgP,99,+6,Blocks_Sh,5,-12,Challenges_Tkl,9,-22,Blocks_Blocks,2,-24
ESP-La Liga,2022 - 2023,Sevilla,Rafa Mir,ESP,25,1997,Right,ST,ST,0.9020370198368476,3.4075866046103185,False,Standard_Sh/90,97,+10,Per 90 Minutes_npxG+xAG,94,+10,Per 90 Minutes_xAG,40,+19,Take-Ons_Succ%,1,-29,Take-Ons_Succ,1,-21,PPA,1,-8
ENG-Premier League,2024 - 2025,Brentford,Kristoffer Ajer,NOR,26,1998,Right,RB,Fullback,0.6747112017988246,3.4048613595022688,False,Height,99,+49,Weight,86,+35,Touches_Att Pen,53,+19,Standard_Dist,3,-38,Tackles_Att 3rd,13,-25,Expected_xA,12,-12
FRA-Ligue 1,2022 - 2023,Auxerre,Gideon Mensah,GHA,24,1998,Left,LB,Fullback,0.6740386307796069,3.3995832126411942,False,Int,98,+15,Carries_Dis,81,+30,Tackles_Att 3rd,91,+22,Standard_SoT,4,0,Standard_Sh,2,-10,Weight,4,-16
FRA-Ligue 1,2023 - 2024,Toulouse,Stijn Spierings,NED,27,1996,Right,CM,CM,0.7933721279482996,3.3689791809358134,False,Height,79,+55,Weight,77,+47,Carries_1/3,70,+34,CrsPA,11,-18,Standard_SoT,4,0,Carries_CPA,7,0
FRA-Ligue 1,2024 - 2025,Paris S-G,Lucas Beraldo,BRA,20,2003,Left,CB,CB,2.0632307511343626,3.3447031233562976,True,Take-Ons_Succ%,99,+11,Tackles_TklW,81,+36,PPA,47,+30,Tackles_Att 3rd,4,-9,Receiving_PrgR,0,-8,Progression_PrgR,0,-8
GER-Bundesliga,2024 - 2025,Union Berlin,Benedict Hollerbach,GER,23,2001,Right,ST,ST,0.8898244070274435,3.33908529942692,False,Carries_Dis,100,+3,Challenges_Tkl,70,+32,Challenges_Att,84,+31,Blocks_Sh,5,0,Int,4,-21,Per 90 Minutes_xAG,34,-24
ENG-Premier League,2023 - 2024,Liverpool,Alexis Mac Allister,ARG,24,1998,Right,CM,CM,0.787262038108261,3.331145454619033,False,Tackles_Mid 3rd,100,+4,Blocks_Pass,100,+6,Challenges_Tkl,100,+12,Carries_Mis,57,-21,Height,17,-18,Take-Ons_Succ%,24,-24
ENG-Premier League,2023 - 2024,Newcastle Utd,Elliot Anderson,ENG,20,2002,Right,CDM,CDM,1.3813863956785237,3.3144618215856623,True,Standard_Sh/90,68,+13,Per 90 Minutes_Ast,80,+20,Per 90 Minutes_npxG+xAG,68,+14,CrsPA,11,-32,Long_Cmp,5,-24,Total_TotDist,15,-8
ENG-Premier League,2023 - 2024,Brighton,Joël Veltman,NED,31,1992,Right,RB,Fullback,0.6627540211447395,3.311024792458283,False,Expected_npxG/Sh,43,+24,Expected_xA,40,+20,Expected_npxG,11,+5,Standard_SoT,4,0,Take-Ons_Succ%,6,-39,Take-Ons_Succ,14,-16
FRA-Ligue 1,2022 - 2023,Monaco,Eliot Matazo,BEL,20,2002,Right,CDM,CDM,1.3789247664542397,3.3060079371305147,True,Standard_G/Sh,96,+52,Standard_SoT,23,+19,Take-Ons_Tkld,38,+14,Height,2,-36,Carries_CPA,7,0,KP,3,-8
ESP-La Liga,2024 - 2025,Barcelona,Marc Casado,ESP,20,2003,Right,CDM,CDM,1.376631985710918,3.298133922923251,True,Standard_G/SoT,98,+19,Tackles_Mid 3rd,94,+18,Tackles_Att 3rd,77,+27,CrsPA,11,-18,Standard_SoT,4,-10,Carries_CPA,7,-13
ENG-Premier League,2022 - 2023,Wolves,Rayan Aït-Nouri,ALG,21,2001,Left,LB,Fullback,0.66100891304403,3.297329678365039,False,Take-Ons_Tkld,97,+5,Carries_Dis,94,+9,Short_Cmp,98,+4,Long_Cmp,45,-19,Medium_Att,71,-10,PPA,82,-7
ITA-Serie A,2024 - 2025,Genoa,Patrizio Masini,ITA,23,2001,Right,CM,CM,0.780982240703659,3.29226089767297,False,Standard_G/SoT,98,+23,Tackles_Att 3rd,91,+41,CrsPA,53,+24,Standard_SoT,4,-10,Per 90 Minutes_xAG,6,-3,Standard_Dist,36,-38
ITA-Serie A,2024 - 2025,Roma,Leandro Paredes,ARG,30,1994,Right,CM,CM,0.7801747438064901,3.2872608702742,False,Take-Ons_Succ%,99,+18,Touches_Def Pen,69,+13,Carries_PrgDist,62,+31,Carries_Dis,2,-14,Take-Ons_Tkld,2,-9,Carries_CPA,7,0
ESP-La Liga,2023 - 2024,Osasuna,Iker Muñoz,ESP,20,2002,Right,CM,CM,0.7801181813555815,3.2869106351150608,False,Long_Att,69,+34,Standard_Sh,52,+25,Standard_Sh/90,52,+21,CrsPA,11,-18,Per 90 Minutes_xAG,6,-9,Take-Ons_Succ%,6,-56
ITA-Serie A,2024 - 2025,Torino,Cesare Casadei,ITA,21,2003,Right,CM,CM,0.7778572002831463,3.272910621802426,False,Take-Ons_Succ%,92,+41,Height,93,+38,Standard_SoT/90,72,+17,Carries_CPA,7,-13,Tackles_Att 3rd,4,-21,Blocks_Pass,1,-19
ENG-Premier League,2023 - 2024,Nott'ham Forest,Ola Aina,NGA,26,1996,Right,RB,Fullback,0.6559475395347534,3.2576094526381136,False,Standard_G/SoT,98,+23,Weight,80,+50,Standard_Dist,97,+23,Tackles_Att 3rd,13,-56,Tackles_Mid 3rd,63,-16,Progression_PrgR,48,-17
ENG-Premier League,2024 - 2025,Manchester City,Kyle Walker,ENG,34,1990,Right,RB,Fullback,0.6540616824181599,3.2428097801336975,False,Standard_Dist,99,+22,Standard_SoT,14,+10,Standard_SoT/90,32,+23,Touches_Att Pen,2,-4,Carries_CPA,7,-13,Clr,22,-39
GER-Bundesliga,2022 - 2023,Stuttgart,Serhou Guirassy,GUI,26,1996,Right,ST,ST,0.8712842802188256,3.2350925744894625,False,Clr,50,+24,Per 90 Minutes_xAG,95,+13,Standard_G/SoT,93,+12,Tackles_Att 3rd,13,-25,Challenges_Lost,3,-9,CrsPA,11,0
FRA-Ligue 1,2022 - 2023,Paris S-G,Warren Zaïre-Emery,FRA,16,2006,Right,CM,CM,0.7712736951973106,3.2321455044075127,False,Tackles_Att 3rd,97,+14,Standard_SoT/90,49,+18,Take-Ons_Succ%,72,+10,PPA,32,-41,Expected_xA,43,-26,CrsPA,29,-24
FRA-Ligue 1,2022 - 2023,Toulouse,Branco van den Boomen,NED,27,1995,Right,CM,CM,0.7712468465239809,3.2319792572024277,False,Long_Cmp,100,+4,Long_Att,100,+5,Height,79,+55,Int,32,-42,Carries_Dis,39,-23,Short_Cmp,82,-13
GER-Bundesliga,2023 - 2024,RB Leipzig,Kevin Kampl,SVN,32,1990,Right,CM,CM,0.7709175302966675,3.229940128426578,False,Expected_xA,72,+34,CrsPA,61,+32,Take-Ons_Succ%,91,+20,Tackles_Mid 3rd,39,-20,Carries_Mis,19,-15,Challenges_Lost,29,-26
FRA-Ligue 1,2022 - 2023,Rennes,Joe Rodon,WAL,24,1997,Right,CB,CB,2.0106470936037333,3.2285646589986983,True,Take-Ons_Succ%,99,+12,Take-Ons_Succ,10,+7,Weight,94,+12,Expected_xAG,1,-3,xAG,1,-3,Per 90 Minutes_xAG,1,0
ENG-Premier League,2022 - 2023,Chelsea,Mateo Kovačić,CRO,28,1994,Right,CM,CM,0.7705089878191769,3.227410430060954,False,Standard_G/SoT,98,+23,Weight,56,+26,Standard_Sh/90,55,+24,Standard_SoT,4,-28,Standard_SoT/90,3,-32,Blocks_Blocks,10,-37
ENG-Premier League,2022 - 2023,Southampton,James Ward-Prowse,ENG,27,1994,Right,CM,CM,0.7703517957008365,3.2264370951771566,False,Int,99,+18,Standard_FK,100,+10,CrsPA,95,+34,Take-Ons_Succ%,17,-51,Weight,7,-38,Height,8,-27
ITA-Serie A,2024 - 2025,Como,Álex Valle,ESP,20,2004,Left,LB,Fullback,0.6514961257737973,3.2226760182521605,False,Standard_Sh/90,37,+28,Standard_Sh,15,+10,1/3,48,+23,Weight,0,-35,Standard_SoT,4,0,Expected_npxG/Sh,2,-17
ENG-Premier League,2022 - 2023,Liverpool,Trent Alexander-Arnold,ENG,23,1998,Right,RB,Fullback,0.6508119075768806,3.217306467639428,False,Challenges_Lost,99,+7,Standard_Sh/90,69,+26,Challenges_Att,100,+4,Blocks_Pass,57,-35,Receiving_PrgR,63,-24,Progression_PrgR,63,-24
ENG-Premier League,2022 - 2023,West Ham,Aaron Cresswell,ENG,32,1989,Left,CB,CB,2.003829995253143,3.213508130582981,True,Standard_FK,92,+55,xAG,81,+40,Expected_xAG,81,+40,Standard_SoT,4,0,Weight,7,-65,Height,13,-60
ITA-Serie A,2024 - 2025,Cagliari,Mattia Felici,ITA,23,2001,Right,LM,Wide Midfielder,0.6858913506490882,3.2066154024111233,False,Per 90 Minutes_Ast,94,+34,Performance_Ast,71,+34,Ast,71,+34,CrsPA,11,-42,Blocks_Sh,5,0,Standard_Dist,17,-42
ENG-Premier League,2024 - 2025,Manchester City,Rico Lewis,ENG,19,2004,Right,RB,Fullback,0.6491657299186444,3.204387731637843,False,Expected_npxG/Sh,85,+46,Touches_Att 3rd,80,+28,Carries_Dis,59,+17,CrsPA,11,-42,Height,2,-53,Weight,4,-55
GER-Bundesliga,2024 - 2025,Freiburg,Lukas Kübler,GER,31,1992,Right,RB,Fullback,0.6488866109519164,3.20219728504409,False,Int,98,+26,Standard_G/Sh,98,+20,Performance_G-PK,80,+27,Take-Ons_Succ%,1,-25,Take-Ons_Succ,1,-13,Per 90 Minutes_xAG,24,-19
GER-Bundesliga,2024 - 2025,Union Berlin,Tim Skarke,GER,27,1996,Right,ST,ST,0.8640858378521815,3.194716063328568,False,Clr,30,+20,Touches_Def 3rd,14,+6,Challenges_Tkl,31,+15,Standard_G/SoT,12,-26,Standard_G/Sh,12,-22,Standard_Gls,11,-22
GER-Bundesliga,2023 - 2024,Stuttgart,Pascal Stenzel,GER,27,1996,Right,RB,Fullback,0.6478594570381476,3.1941364720579686,False,Take-Ons_Succ%,95,+49,Standard_SoT/90,52,+30,Standard_Sh/90,54,+28,Touches_Att Pen,1,-18,Expected_npxG/Sh,0,-4,Take-Ons_Tkld,11,-17
ENG-Premier League,2023 - 2024,Brighton,Lewis Dunk,ENG,31,1991,Right,CB,CB,1.9890294745505896,3.1808190818022606,True,Standard_FK,78,+41,Weight,94,+11,Tackles_Att 3rd,25,+12,Take-Ons_Succ%,1,-85,Take-Ons_Succ,1,-9,Take-Ons_Att,1,-4
FRA-Ligue 1,2022 - 2023,Lyon,Johann Lepenant,FRA,19,2002,Right,CM,CM,0.7604014034485905,3.1648241848809455,False,Standard_G/SoT,98,+30,Challenges_Lost,99,+11,Challenges_Att,98,+10,Standard_SoT,4,-28,Standard_SoT/90,3,-22,PPA,21,-32
GER-Bundesliga,2023 - 2024,Augsburg,Mads Pedersen,DEN,26,1996,Left,LB,Fullback,0.6439017039500239,3.1630771468088863,False,Standard_G/SoT,98,+19,Take-Ons_Succ%,84,+41,Tackles_Mid 3rd,92,+25,Standard_SoT,4,-10,Take-Ons_Tkld,38,-26,Standard_SoT/90,3,-14
GER-Bundesliga,2023 - 2024,Leverkusen,Exequiel Palacios,ARG,24,1998,Right,CM,CM,0.7590201919207816,3.15627171179188,False,Standard_SoT/90,72,+20,Carries_Dis,62,+27,Take-Ons_Succ%,89,+21,Long_Att,21,-23,Weight,15,-24,Carries_PrgC,21,-18
GER-Bundesliga,2022 - 2023,Hertha BSC,Márton Dárdai,HUN,20,2002,Left,CB,CB,1.972814715836526,3.1450064878250648,True,Standard_G/SoT,98,0,Standard_Dist,85,+75,Standard_G/Sh,100,+7,Take-Ons_Tkld,2,-4,Progression_PrgR,0,-4,Receiving_PrgR,0,-4
ESP-La Liga,2024 - 2025,Leganés,Miguel,ESP,24,1999,Right,ST,ST,0.8524117173832286,3.1292351951906943,False,Weight,91,+19,Carries_Mis,95,+10,Standard_SoT,77,+11,Standard_G/SoT,12,-38,Standard_G/Sh,12,-42,Performance_G-PK,12,-41
ESP-La Liga,2022 - 2023,Cádiz,Alfonso Espino,URU,30,1992,Left,LB,Fullback,0.6386046637712943,3.1215074758098766,False,Standard_Dist,99,+25,Expected_npxG/Sh,43,+24,Expected_npxG,43,+23,Standard_SoT,4,-10,Standard_SoT/90,0,-9,Height,6,-11
FRA-Ligue 1,2024 - 2025,Marseille,Luis Henrique,BRA,22,2001,Right,RM,Wide Midfielder,0.6699993361709756,3.089489715432073,False,Standard_G/Sh,95,+30,Expected_npxG/Sh,85,+46,Weight,89,+33,Challenges_Lost,0,-47,Standard_Dist,29,-30,Challenges_Att,7,-29
FRA-Ligue 1,2024 - 2025,Reims,Mory Gbane,CIV,23,2000,Right,CDM,CDM,1.3122530120580078,3.0770395358264424,True,Clr,88,+38,Touches_Def Pen,79,+26,Take-Ons_Succ%,93,+31,Tackles_Att 3rd,4,-21,Tackles_Mid 3rd,8,-46,Blocks_Pass,1,-23
ESP-La Liga,2023 - 2024,Almería,Jonathan Viera,ESP,33,1989,Right,CAM,CAM,1.380996170431527,3.0730975661511195,False,Expected_npxG/Sh,69,+50,Per 90 Minutes_Ast,95,+24,Per 90 Minutes_npxG+xAG,79,+18,Clr,0,-8,Blocks_Sh,5,0,Standard_G/SoT,12,-11
ENG-Premier League,2022 - 2023,West Ham,Gianluca Scamacca,ITA,23,1999,Right,ST,ST,0.8412087438081763,3.066397019298041,False,Standard_FK,78,+41,Height,99,+44,Tackles_Att 3rd,69,+44,Challenges_Lost,0,-5,Blocks_Sh,5,0,Touches_Def 3rd,0,-1
ESP-La Liga,2024 - 2025,Rayo Vallecano,Álvaro García,ESP,31,1992,Left,LM,Wide Midfielder,0.6661665050796565,3.0612413788059203,False,Int,85,+50,Clr,63,+42,CrsPA,96,+24,Blocks_Sh,5,0,Height,1,-19,Weight,1,-19
ESP-La Liga,2022 - 2023,Sevilla,Gonzalo Montiel,ARG,25,1997,Right,RB,Fullback,0.6302703586387803,3.0561022097227584,False,Expected_npxG/Sh,53,+34,Blocks_Sh,63,+17,Blocks_Blocks,60,+20,Tackles_Att 3rd,4,-34,Standard_SoT,4,0,Standard_Dist,23,-47
FRA-Ligue 1,2023 - 2024,Montpellier,Enzo Tchato,CMR,20,2002,Right,RB,Fullback,0.6301758881546977,3.0553608321213193,False,Standard_SoT,14,+10,Receiving_PrgR,64,+18,Progression_PrgR,64,+18,Expected_npxG,1,-5,Expected_npxG/Sh,2,-2,Standard_Sh,2,-5
FRA-Ligue 1,2022 - 2023,Lorient,Jean-Victor Makengo,FRA,24,1998,Left,CM,CM,0.7426328054075112,3.0548008803275652,False,Carries_Dis,69,+30,Blocks_Sh,53,+25,Take-Ons_Succ,70,+24,CrsPA,11,-18,Per 90 Minutes_npxG,2,-2,Expected_npxG,1,-2
ENG-Premier League,2022 - 2023,Crystal Palace,Tyrick Mitchell,ENG,22,1999,Left,LB,Fullback,0.6297049545645922,3.0516650786925124,False,Blocks_Pass,100,+5,Blocks_Blocks,100,+6,Expected_npxG/Sh,69,+50,Challenges_Tkl,80,-18,Standard_Dist,17,-46,Challenges_Att,78,-19
ITA-Serie A,2023 - 2024,Milan,Theo Hernández,FRA,25,1997,Left,LB,Fullback,0.6291050312811337,3.046957050685068,False,Clr,83,+21,Blocks_Sh,75,+22,Weight,77,+32,Expected_npxG/Sh,7,-32,Tackles_Att 3rd,38,-31,Tackles_Mid 3rd,39,-28
ITA-Serie A,2022 - 2023,Empoli,Alberto Grassi,ITA,27,1995,Right,CM,CM,0.7406633067241531,3.0426057283546513,False,Int,86,+26,Blocks_Sh,81,+18,Touches_Att Pen,37,+18,CrsPA,11,-18,Challenges_Lost,19,-40,Blocks_Pass,24,-33
ITA-Serie A,2024 - 2025,Cagliari,José Luis Palomino,ARG,34,1990,Left,CB,CB,1.9262109582923796,3.042075480575934,True,Standard_G/SoT,98,0,Expected_npxG/Sh,99,+34,Tackles_Att 3rd,25,+21,Take-Ons_Succ%,1,-84,Take-Ons_Succ,1,-5,Take-Ons_Att,1,-3
GER-Bundesliga,2023 - 2024,Bayern Munich,Harry Kane,ENG,30,1993,Right,ST,ST,0.8340389859884828,3.026181401545901,False,Tackles_TklW,22,+14,Tackles_Mid 3rd,28,+15,Blocks_Sh,28,+11,Challenges_Lost,5,-14,Challenges_Att,2,-6,Int,4,-7
GER-Bundesliga,2023 - 2024,Werder Bremen,Niklas Stark,GER,28,1995,Right,CB,CB,1.9177969862985016,3.0234920302720516,True,Take-Ons_Succ%,99,+11,Tackles_Att 3rd,25,+21,Standard_Dist,39,+30,Per 90 Minutes_xAG,1,-2,Carries_Dis,1,-4,Take-Ons_Att,1,-3
ENG-Premier League,2023 - 2024,Fulham,Antonee Robinson,USA,25,1997,Left,LB,Fullback,0.6245707749852328,3.011373491549031,False,Receiving_PrgR,98,+9,Progression_PrgR,98,+9,Performance_Ast,99,+8,Performance_G-PK,12,0,Tackles_Att 3rd,77,-11,Standard_Gls,11,0
ITA-Serie A,2023 - 2024,Lecce,Remi Oudin,FRA,26,1996,Left,RW,Winger,1.3509781440443056,3.0054133863092196,False,Long_Att,93,+13,Standard_Dist,91,+7,Height,62,+49,Expected_npxG/Sh,14,-25,Take-Ons_Succ,14,-24,Take-Ons_Att,19,-20
GER-Bundesliga,2023 - 2024,Gladbach,Joe Scally,USA,20,2002,Right,RB,Fullback,0.6233770189210865,3.002005232074825,False,Carries_Dis,69,+27,Weight,72,+37,Expected_npxG/Sh,24,+20,Standard_SoT/90,0,-4,Standard_SoT,4,0,Int,52,-26
ENG-Premier League,2024 - 2025,Ipswich Town,Jack Clarke,ENG,23,2000,Right,LM,Wide Midfielder,0.6578187606579077,2.999717693343045,False,Tackles_Att 3rd,94,+34,Clr,50,+34,Take-Ons_Succ%,62,+26,CrsPA,11,-56,Blocks_Sh,5,0,Receiving_PrgR,43,-14
FRA-Ligue 1,2022 - 2023,Lille,Benjamin André,FRA,31,1990,Right,CDM,CDM,1.286763243582492,2.9895009433549706,True,Tackles_Mid 3rd,100,+2,Expected_npxG/Sh,53,+34,Challenges_Tkl,100,+4,Standard_Dist,37,-43,Blocks_Sh,59,-19,Take-Ons_Succ,34,-27
GER-Bundesliga,2024 - 2025,Heidenheim,Marnon Busch,GER,29,1994,Right,RB,Fullback,0.6216462918281825,2.988422976057589,False,Long_Cmp,84,+22,Standard_Dist,98,+13,Standard_SoT,23,+19,Tackles_Att 3rd,4,-34,Carries_Dis,2,-10,Short_Cmp,19,-21
ESP-La Liga,2024 - 2025,Valladolid,Anuar,MAR,29,1995,Right,RM,Wide Midfielder,0.6548033636769183,2.977493925336833,False,Expected_npxG/Sh,89,+32,Standard_G/Sh,87,+28,Blocks_Sh,68,+15,Ast,13,0,Performance_Ast,13,0,Per 90 Minutes_Ast,13,0
ESP-La Liga,2023 - 2024,Valencia,Roman Yaremchuk,UKR,27,1995,Right,ST,ST,0.8202382678973676,2.948772315016804,False,Expected_npxG/Sh,100,+13,Height,95,+22,Per 90 Minutes_npxG,96,+6,Per 90 Minutes_xAG,6,-15,Expected_xAG,3,-11,xAG,3,-11
ENG-Premier League,2024 - 2025,Everton,Iliman Ndiaye,SEN,24,2000,Right,LM,Wide Midfielder,0.6500928705160327,2.9427771341937907,False,Tackles_Att 3rd,99,+16,Take-Ons_Succ,98,+6,Take-Ons_Att,99,+6,Ast,13,-24,Performance_Ast,13,-24,Per 90 Minutes_Ast,13,0
GER-Bundesliga,2024 - 2025,Bayern Munich,Aleksandar Pavlovic,GER,20,2004,Right,CDM,CDM,1.2704543375478083,2.9334918556146468,True,Take-Ons_Succ%,99,+18,Tackles_Att 3rd,91,+41,Height,79,+34,Int,14,-49,Take-Ons_Tkld,2,-18,Carries_Dis,5,-30
ENG-Premier League,2023 - 2024,West Ham,Mohammed Kudus,GHA,22,2000,Left,RW,Winger,1.327679438626358,2.929544080455604,False,Carries_Dis,100,+5,Standard_Sh/90,90,+14,Take-Ons_Tkld,100,+2,Int,11,-24,Standard_FK,37,0,Tackles_Def 3rd,31,-13
ENG-Premier League,2024 - 2025,Manchester Utd,Rasmus Højlund,DEN,21,2003,Left,ST,ST,0.8155641479364524,2.9225548853067655,False,Short_Cmp,17,+13,xAG,53,+28,Expected_xAG,53,+28,Challenges_Tkl,0,-1,Tackles_Def 3rd,1,0,Blocks_Sh,5,0
ENG-Premier League,2024 - 2025,Bournemouth,Antoine Semenyo,GHA,24,2000,Right,RM,Wide Midfielder,0.645285939094549,2.9073495837232146,False,Blocks_Pass,100,+3,Blocks_Blocks,100,+10,Standard_Sh,100,+3,Expected_npxG/Sh,43,-29,Int,35,-19,Standard_FK,37,0
FRA-Ligue 1,2024 - 2025,Strasbourg,Andrey Santos,BRA,20,2004,Right,CM,CM,0.7183300583627426,2.9043180716440324,False,Tackles_TklW,100,+3,Performance_G-PK,95,+10,Standard_Gls,93,+10,CrsPA,11,-32,Carries_Dis,35,-34,Receiving_PrgR,26,-21
ESP-La Liga,2023 - 2024,Almería,Léo Baptistão,BRA,30,1992,Right,RM,Wide Midfielder,0.6434663764430333,2.893939230627091,False,Height,62,+27,xAG,53,+15,Expected_xAG,53,+15,Performance_Ast,13,0,Ast,13,0,Per 90 Minutes_Ast,13,0
ENG-Premier League,2023 - 2024,Liverpool,Ryan Gravenberch,NED,21,2002,Right,CDM,CDM,1.2585199204972104,2.892505917606603,True,Height,87,+46,Int,99,+8,Touches_Def Pen,81,+13,Challenges_Lost,80,-16,Long_Cmp,58,-23,Long_Att,53,-23
ESP-La Liga,2022 - 2023,Elche,Josan,ESP,32,1989,Right,RM,Wide Midfielder,0.6425974680568359,2.88753529160505,False,Take-Ons_Succ%,80,+35,Tackles_Def 3rd,67,+40,Touches_Def 3rd,44,+20,Tackles_Att 3rd,4,-34,Standard_Dist,27,-43,Blocks_Sh,5,0
ITA-Serie A,2024 - 2025,Empoli,Sebastiano Esposito,ITA,22,2002,Right,ST,ST,0.8091396583807801,2.886519523622181,False,Tackles_Mid 3rd,95,+28,Tackles_Tkl,86,+33,Standard_FK,99,+62,Performance_Ast,13,0,Ast,13,0,Per 90 Minutes_Ast,13,0
ESP-La Liga,2024 - 2025,Atlético Madrid,Clément Lenglet,FRA,29,1995,Left,CB,CB,1.8513804520417925,2.8768016960739202,True,Standard_FK,78,+41,Take-Ons_Succ%,99,+16,Expected_npxG/Sh,99,+34,PPA,1,-5,Take-Ons_Tkld,2,-4,Tackles_Att 3rd,4,0
ITA-Serie A,2023 - 2024,Salernitana,Lorenzo Pirola,ITA,21,2002,Left,CB,CB,1.8513433567653281,2.8767197658954995,True,Take-Ons_Tkld,20,+14,Blocks_Sh,98,+7,Receiving_PrgR,12,+8,Take-Ons_Succ%,1,-84,Take-Ons_Succ,1,-5,Expected_xAG,1,-3
ENG-Premier League,2023 - 2024,Tottenham,Pedro Porro,ESP,23,1999,Right,RB,Fullback,0.6062963109370408,2.867960673723517,False,Blocks_Sh,89,+14,Standard_Sh/90,59,+18,Standard_Dist,89,+11,Expected_npxG/Sh,7,-12,Take-Ons_Succ%,17,-28,Height,8,-27
FRA-Ligue 1,2023 - 2024,Clermont Foot,Alidu Seidu,GHA,23,2000,Right,CB,CB,1.8473722374976445,2.8679489858625398,True,Standard_Dist,100,+68,Take-Ons_Tkld,47,+27,Take-Ons_Att,43,+22,Tackles_Att 3rd,4,-21,PPA,1,-12,Expected_npxG/Sh,0,-19
ITA-Serie A,2024 - 2025,Atalanta,Mateo Retegui,ITA,25,1999,Right,ST,ST,0.8051160662821188,2.863950945170921,False,Carries_Mis,99,+16,Standard_G/SoT,94,+15,Carries_Dis,95,+24,Tackles_Def 3rd,1,-2,Blocks_Sh,5,0,Touches_Def 3rd,2,-6
ESP-La Liga,2024 - 2025,Getafe,Luis Milla,ESP,29,1994,Right,CM,CM,0.7116475096686857,2.8629396754160794,False,Standard_Gls,33,+22,KP,98,+12,Carries_Mis,78,+25,Blocks_Sh,5,-48,Performance_G-PK,12,0,Weight,9,-16
ESP-La Liga,2022 - 2023,Getafe,Borja Mayoral,ESP,25,1997,Right,ST,ST,0.804770251853109,2.8620112505201427,False,Standard_G/SoT,86,+31,Standard_G/Sh,93,+34,Standard_Gls,78,+26,Blocks_Sh,5,0,Standard_Sh/90,64,-15,Take-Ons_Succ%,9,-25
ESP-La Liga,2022 - 2023,Elche,Omar Mascarell,EQG,29,1993,Right,CM,CM,0.7112546713575605,2.86050721737717,False,Blocks_Sh,92,+24,Blocks_Blocks,97,+20,Take-Ons_Succ,70,+32,Receiving_PrgR,11,-13,Progression_PrgR,11,-13,PPA,13,-30
GER-Bundesliga,2023 - 2024,Freiburg,Yannik Keitel,GER,23,2000,Right,CDM,CDM,1.246984331291442,2.8528896596805238,True,Expected_npxG/Sh,76,+37,Touches_Def Pen,75,+19,Carries_CPA,20,+13,CrsPA,11,0,Expected_xA,3,-9,Touches_Att 3rd,3,-12
ITA-Serie A,2022 - 2023,Juventus,Leandro Paredes,ARG,28,1994,Right,CM,CM,0.7093897988568695,2.848959911583973,False,Per 90 Minutes_xAG,83,+35,Standard_G/SoT,86,+35,Expected_xA,69,+31,Blocks_Sh,5,-34,Touches_Att Pen,1,-3,Per 90 Minutes_Ast,13,0
GER-Bundesliga,2022 - 2023,Bochum,Gerrit Holtmann,PHI,27,1995,Left,LM,Wide Midfielder,0.6373582325479239,2.848921618110635,False,Standard_Dist,81,+33,Standard_Sh/90,87,+20,CrsPA,95,+19,Take-Ons_Succ,22,-28,Take-Ons_Att,35,-24,Take-Ons_Succ%,9,-16
GER-Bundesliga,2023 - 2024,Heidenheim,Jan-Niklas Beste,GER,24,1999,Left,LM,Wide Midfielder,0.6368192346171286,2.8449491511202716,False,Tackles_TklW,97,+8,Tackles_Tkl,96,+5,Standard_FK,99,+21,Blocks_Sh,17,-22,1/3,20,-22,Expected_npxG/Sh,34,-31
GER-Bundesliga,2024 - 2025,Eint Frankfurt,Nathaniel Brown,GER,21,2003,Left,LB,Fullback,0.6029467740364257,2.8416744568439976,False,Tackles_Att 3rd,98,+21,Expected_npxG/Sh,94,+37,Challenges_Tkl,98,+11,Blocks_Sh,5,-54,Challenges_Lost,33,-47,Weight,4,-21
ESP-La Liga,2022 - 2023,Atlético Madrid,Koke,ESP,30,1992,Right,CM,CM,0.7078126417872315,2.839194142095568,False,CrsPA,72,+29,Take-Ons_Tkld,44,+24,Expected_npxG/Sh,61,+22,Carries_CPA,7,-13,Blocks_Sh,28,-40,Take-Ons_Succ%,33,-42
GER-Bundesliga,2023 - 2024,Köln,Jan Thielmann,GER,21,2002,Right,RM,Wide Midfielder,0.635114173667139,2.8323826866620534,False,Take-Ons_Succ%,89,+51,Standard_Sh/90,78,+15,Blocks_Blocks,75,+25,Performance_Ast,13,0,Ast,13,0,Per 90 Minutes_Ast,13,0
ENG-Premier League,2023 - 2024,Chelsea,Benoît Badiashile,FRA,22,2001,Left,CB,CB,1.8284264914198882,2.826104619021037,True,Per 90 Minutes_xAG,56,+47,Expected_xAG,45,+31,xAG,45,+31,Take-Ons_Succ%,1,-82,Take-Ons_Succ,1,-5,Take-Ons_Att,1,-4
ENG-Premier League,2023 - 2024,Liverpool,Trent Alexander-Arnold,ENG,24,1998,Right,RB,Fullback,0.600362686406496,2.8213952690364112,False,Challenges_Lost,99,+7,Standard_Sh/90,69,+26,Challenges_Att,100,+4,Blocks_Pass,57,-35,Receiving_PrgR,63,-24,Progression_PrgR,63,-24
GER-Bundesliga,2023 - 2024,Wolfsburg,Yannick Gerhardt,GER,29,1994,Left,CM,CM,0.7043935309672192,2.8180229799035783,False,CrsPA,61,+32,Clr,67,+23,Weight,77,+29,Per 90 Minutes_xAG,6,-26,Take-Ons_Succ%,2,-44,Carries_Dis,9,-33
GER-Bundesliga,2024 - 2025,Union Berlin,András Schäfer,HUN,25,1999,Right,CM,CM,0.7028970970578821,2.8087570488846896,False,Standard_G/SoT,98,+30,Blocks_Pass,87,+18,PPA,43,+18,Standard_SoT,4,-24,Standard_SoT/90,5,-30,Carries_Dis,29,-25
FRA-Ligue 1,2024 - 2025,Toulouse,Warren Kamanzi,NOR,23,2000,Right,RB,Fullback,0.5959479978690375,2.7867500438024835,False,Expected_npxG/Sh,96,+39,Take-Ons_Succ%,74,+37,Standard_G/SoT,86,+21,CrsPA,11,-42,Long_Att,9,-10,Blocks_Pass,3,-31
GER-Bundesliga,2022 - 2023,RB Leipzig,Konrad Laimer,AUT,25,1997,Right,RB,Fullback,0.595385607471302,2.78233656325145,False,Tackles_Mid 3rd,94,+27,Take-Ons_Succ%,78,+44,Standard_Dist,71,+32,Clr,12,-45,Receiving_PrgR,40,-33,Progression_PrgR,40,-33
ITA-Serie A,2022 - 2023,Inter,Edin Džeko,BIH,36,1986,Right,ST,ST,0.7903454569026201,2.7811016780533486,False,Blocks_Pass,45,+40,Blocks_Blocks,26,+22,Standard_Sh/90,99,+9,Tackles_Att 3rd,4,-14,Challenges_Tkl,0,-1,Tackles_Def 3rd,1,0
ENG-Premier League,2023 - 2024,Manchester Utd,Bruno Fernandes,POR,28,1994,Right,CAM,CAM,1.2842670212124412,2.768498231465122,False,Tackles_Mid 3rd,98,+7,Tackles_TklW,98,+8,Challenges_Tkl,93,+4,Take-Ons_Succ%,36,-26,Standard_G/Sh,32,-27,Receiving_PrgR,77,-12
ENG-Premier League,2024 - 2025,West Ham,Guido Rodríguez,ARG,30,1994,Right,CDM,CDM,1.2215806660948971,2.7656467685943174,True,Carries_CPA,30,+23,Standard_Dist,99,+12,Standard_Sh/90,27,+17,Tackles_Att 3rd,4,-21,Carries_Mis,2,-15,Expected_xA,3,-9
ESP-La Liga,2023 - 2024,Almería,Luis Javier Suárez,COL,25,1997,Right,ST,ST,0.7868510596616374,2.7615013864882005,False,Clr,22,+18,Blocks_Pass,29,+24,Blocks_Blocks,13,+11,Tackles_Att 3rd,4,-21,Int,0,-4,PPA,6,-15
GER-Bundesliga,2024 - 2025,Wolfsburg,Yannick Gerhardt,GER,30,1994,Left,CM,CM,0.6950360328863889,2.760081275171182,False,CrsPA,61,+32,Clr,67,+23,Weight,77,+29,Per 90 Minutes_xAG,6,-26,Take-Ons_Succ%,2,-44,Carries_Dis,9,-33
ENG-Premier League,2022 - 2023,Southampton,Duje Ćaleta-Car,CRO,25,1996,Right,CB,CB,1.7975612889945904,2.757934442580334,True,Take-Ons_Succ%,99,+16,Tackles_Att 3rd,13,+9,Weight,96,+16,Per 90 Minutes_xAG,1,-2,Expected_xAG,1,-3,xAG,1,-3
ENG-Premier League,2022 - 2023,Crystal Palace,Jordan Ayew,GHA,30,1991,Right,RM,Wide Midfielder,0.624049202565225,2.7508327772091064,False,Weight,77,+57,Carries_Dis,100,+8,Height,45,+25,Challenges_Lost,72,-19,Carries_CPA,84,-8,KP,69,-17
ITA-Serie A,2022 - 2023,Lazio,Sergej Milinković-Savić,SRB,27,1995,Right,CM,CM,0.6933070908570715,2.7493756519696806,False,Weight,99,+54,Carries_Mis,99,+14,Height,93,+46,Carries_1/3,65,-20,Tackles_Mid 3rd,86,-8,Challenges_Tkl,78,-8
ENG-Premier League,2024 - 2025,Brentford,Bryan Mbeumo,CMR,24,1999,Left,RW,Winger,1.2684204389406035,2.7365745960535017,False,Carries_Mis,99,+6,Clr,73,+41,Standard_Gls,99,+4,Challenges_Lost,47,-42,Height,4,-13,Challenges_Att,60,-14
ENG-Premier League,2024 - 2025,Tottenham,Destiny Udogie,ITA,21,2002,Left,LB,Fullback,0.5889792739219011,2.7320614720735716,False,Height,68,+33,Touches_Att Pen,63,+31,Blocks_Pass,95,+17,Standard_SoT,4,0,Long_Att,15,-45,CrsPA,29,-50
ITA-Serie A,2024 - 2025,Atalanta,Marten de Roon,NED,33,1991,Right,CM,CM,0.6886725403468088,2.7206784772640678,False,Standard_G/SoT,98,+12,Medium_Att,98,+3,Medium_Cmp,98,+2,Carries_Dis,29,-30,Tackles_Att 3rd,50,-33,Take-Ons_Succ,22,-31
FRA-Ligue 1,2024 - 2025,Lille,Edon Zhegrova,KVX,25,1999,Left,RM,Wide Midfielder,0.6193931461457844,2.7165171901265954,False,Standard_Dist,85,+23,Carries_Dis,79,+31,Blocks_Pass,15,+8,Touches_Def Pen,0,-2,Tackles_Mid 3rd,0,-5,Tackles_TklW,1,-2
GER-Bundesliga,2022 - 2023,Wolfsburg,Ridle Baku,GER,24,1998,Right,RM,Wide Midfielder,0.6191276927883071,2.7145607731538925,False,Weight,66,+31,Blocks_Pass,72,+33,Int,49,+20,Carries_1/3,13,-23,Carries_PrgC,23,-13,Progression_PrgC,23,-13
GER-Bundesliga,2022 - 2023,Augsburg,Dion Drena Beljo,CRO,20,2002,Left,ST,ST,0.7780786129032434,2.7122961867508333,False,Standard_G/SoT,93,+36,Standard_G/Sh,95,+36,Height,98,+25,Standard_Sh,27,-24,Touches_Att Pen,41,-15,Standard_Sh/90,48,-24
ENG-Premier League,2023 - 2024,Liverpool,Mohamed Salah,EGY,31,1992,Left,RM,Wide Midfielder,0.6187964647219868,2.712119590202043,False,Carries_CPA,100,+1,Standard_SoT,100,+1,xAG,100,0,Blocks_Sh,5,0,Standard_G/SoT,73,-19,Standard_G/Sh,85,-10
ESP-La Liga,2024 - 2025,Barcelona,Gavi,ESP,19,2004,Right,CM,CM,0.6865939244814353,2.707807670806701,False,Standard_G/SoT,98,+12,Tackles_TklW,56,+34,Challenges_Tkl,50,+23,Standard_SoT,4,-19,Height,8,-27,Touches_Def Pen,10,-21
ENG-Premier League,2022 - 2023,Brighton,Pascal Groß,GER,31,1991,Right,CDM,CDM,1.2040895936504787,2.7055778093932297,True,Touches_Def 3rd,92,+14,Performance_Ast,99,+5,Ast,99,+5,Tackles_Mid 3rd,81,-14,Int,68,-16,Standard_G/SoT,32,-33
GER-Bundesliga,2024 - 2025,Holstein Kiel,Nicolai Remberg,GER,24,2000,Right,CM,CM,0.6861892490992374,2.7053019175267923,False,Clr,90,+24,Weight,94,+49,Blocks_Sh,93,+21,Carries_CPA,7,0,Take-Ons_Succ%,7,-44,Tackles_Mid 3rd,71,-19
ESP-La Liga,2024 - 2025,Athletic Club,Aitor Paredes,ESP,24,2000,Right,CB,CB,1.7637397879444348,2.683234861404452,True,Standard_G/SoT,98,+12,Expected_npxG/Sh,100,+28,Standard_G/Sh,100,+7,Take-Ons_Succ%,1,-82,Per 90 Minutes_xAG,1,-2,Take-Ons_Succ,1,-2
FRA-Ligue 1,2023 - 2024,Nantes,Jean-Kevin Duverne,HAI,26,1997,Right,LB,Fullback,0.5826837124030222,2.6826556884163693,False,Challenges_Lost,83,+45,Take-Ons_Succ%,83,+32,Expected_npxG/Sh,34,+30,Standard_SoT,4,0,Expected_npxG+xAG,2,-1,Per 90 Minutes_xG+xAG,2,+1
ENG-Premier League,2024 - 2025,Southampton,Tyler Dibling,ENG,18,2006,Left,RM,Wide Midfielder,0.613895257505516,2.6759972179850755,False,Carries_Dis,97,+11,Height,68,+27,Tackles_Mid 3rd,73,+24,Performance_Ast,13,0,Ast,13,0,Per 90 Minutes_Ast,13,0
GER-Bundesliga,2023 - 2024,Köln,Davie Selke,GER,28,1995,Right,ST,ST,0.7711233665444163,2.6732837771307674,False,Standard_G/SoT,91,+16,Take-Ons_Succ%,62,+31,Blocks_Sh,39,+22,Int,0,-2,Tackles_Att 3rd,4,-9,Challenges_Tkl,0,-1
ITA-Serie A,2022 - 2023,Empoli,Fabiano Parisi,ITA,21,2000,Left,LB,Fullback,0.5808326249926875,2.6681288787185657,False,Standard_G/SoT,98,+33,Blocks_Sh,88,+16,Touches_Def Pen,87,+10,Progression_PrgR,49,-29,Receiving_PrgR,49,-29,Standard_SoT/90,5,-24
ESP-La Liga,2022 - 2023,Rayo Vallecano,Iván Balliu,ALB,30,1992,Right,RB,Fullback,0.5804956510016321,2.6654844022806405,False,Tackles_Mid 3rd,87,+20,Standard_SoT,32,+18,Blocks_Sh,78,+10,Tackles_Att 3rd,4,-56,Height,6,-35,Weight,12,-27
ESP-La Liga,2022 - 2023,Barcelona,Ousmane Dembélé,FRA,25,1997,Left,ST,ST,0.7682369513142996,2.6570936944965275,False,Blocks_Sh,17,+12,Per 90 Minutes_Ast,99,+3,Carries_CPA,98,+4,Int,0,-11,Carries_Mis,50,-36,Carries_Dis,57,-32
ITA-Serie A,2024 - 2025,Juventus,Khéphren Thuram,FRA,23,2001,Right,CM,CM,0.6779455279780173,2.654256728847515,False,Height,93,+58,Weight,72,+33,Take-Ons_Succ,91,+21,CrsPA,11,-46,Challenges_Lost,47,-38,Tackles_Att 3rd,50,-27
ENG-Premier League,2024 - 2025,Crystal Palace,Tyrick Mitchell,ENG,24,1999,Left,LB,Fullback,0.578645386199173,2.650964048176451,False,Blocks_Pass,100,+5,Blocks_Blocks,100,+6,Expected_npxG/Sh,69,+50,Challenges_Tkl,80,-18,Standard_Dist,17,-46,Challenges_Att,78,-19
ESP-La Liga,2022 - 2023,Celta Vigo,Franco Cervi,ARG,28,1994,Left,LM,Wide Midfielder,0.6083859245648161,2.635392900240179,False,Int,90,+29,Tkl+Int,95,+13,Tackles_Mid 3rd,98,+19,Height,0,-13,Standard_Gls,11,0,Weight,2,-13
ITA-Serie A,2022 - 2023,Hellas Verona,Thomas Henry,FRA,27,1994,Right,ST,ST,0.763580809104161,2.6309771031092692,False,Per 90 Minutes_xAG,51,+30,Standard_Dist,52,+23,Blocks_Sh,28,+23,Int,0,-2,Medium_Cmp,0,-2,Take-Ons_Succ%,3,-30
GER-Bundesliga,2022 - 2023,Augsburg,Elvis Rexhbeçaj,KVX,24,1997,Left,CM,CM,0.6738865573284346,2.629123549351878,False,Blocks_Blocks,89,+36,Blocks_Sh,72,+26,PPA,72,+36,Take-Ons_Succ%,10,-33,Take-Ons_Succ,38,-26,Tackles_Def 3rd,31,-21
ITA-Serie A,2024 - 2025,Como,Alberto Moreno,ESP,32,1992,Left,LB,Fullback,0.5756650574304942,2.6275752721425536,False,Standard_SoT,47,+43,Standard_SoT/90,49,+31,Standard_Dist,96,+21,Tackles_Att 3rd,4,-21,Weight,5,-51,Height,4,-46
GER-Bundesliga,2024 - 2025,Bayern Munich,Leon Goretzka,GER,29,1995,Right,CM,CM,0.6736339485058724,2.6275593934543013,False,Take-Ons_Succ%,98,+28,Height,83,+28,Standard_Sh/90,80,+23,CrsPA,11,-42,Carries_Mis,2,-17,KP,33,-29
FRA-Ligue 1,2024 - 2025,Lens,Abdukodir Khusanov,UZB,20,2004,Right,CB,CB,1.734976877173878,2.6197078942017367,True,Standard_FK,85,+48,Take-Ons_Succ%,99,+16,Standard_Dist,94,+81,Take-Ons_Tkld,2,-4,Take-Ons_Att,1,-3,Expected_npxG/Sh,7,-32
FRA-Ligue 1,2024 - 2025,Monaco,Christian Mawissa,FRA,19,2005,Left,CB,CB,1.7348231726354817,2.6193684159323944,True,Take-Ons_Tkld,59,+39,Standard_SoT/90,5,+5,Take-Ons_Att,48,+26,PPA,1,-8,Expected_xAG,1,-3,xAG,1,-3
ENG-Premier League,2022 - 2023,Brighton,Lewis Dunk,ENG,30,1991,Right,CB,CB,1.7347193830504846,2.619139181915897,True,Standard_FK,78,+41,Weight,94,+11,Tackles_Att 3rd,25,+12,Take-Ons_Succ%,1,-85,Take-Ons_Succ,1,-9,Take-Ons_Att,1,-4
FRA-Ligue 1,2022 - 2023,Lyon,Bradley Barcola,FRA,19,2002,Right,LW,Winger,1.2309664321868123,2.6146103305343624,False,Height,79,+29,Int,60,+38,Per 90 Minutes_Ast,100,+15,Carries_Dis,26,-43,Long_Cmp,5,-7,Blocks_Sh,5,0
ESP-La Liga,2023 - 2024,Real Sociedad,Robin Le Normand,ESP,26,1996,Right,CB,CB,1.732384368282709,2.6139819706811367,True,Take-Ons_Succ%,99,+11,Carries_Mis,25,+17,Carries_Dis,19,+10,Take-Ons_Att,1,-4,PPA,1,-5,Take-Ons_Tkld,2,-4
ENG-Premier League,2023 - 2024,Burnley,Charlie Taylor,ENG,29,1993,Left,LB,Fullback,0.5733940940005026,2.6097533943673734,False,Standard_G/SoT,98,+12,Standard_Dist,96,+15,Height,62,+21,Standard_SoT,4,0,Expected_npxG/Sh,0,-10,Carries_1/3,36,-22
ENG-Premier League,2024 - 2025,Southampton,Paul Onuachu,NGA,30,1994,Right,ST,ST,0.7591777695666411,2.606280180362159,False,Weight,100,+8,Height,100,+7,Standard_SoT/90,96,+18,Standard_Dist,5,-11,Blocks_Sh,28,-25,Expected_npxG/Sh,69,-18
ESP-La Liga,2024 - 2025,Celta Vigo,Carl Starfelt,SWE,29,1995,Right,CB,CB,1.7271975053457471,2.6025260483542954,True,Take-Ons_Succ%,99,+12,Standard_G/SoT,98,+2,KP,14,+9,Carries_Dis,1,-8,Take-Ons_Att,1,-4,Take-Ons_Tkld,2,-4
ENG-Premier League,2023 - 2024,Brighton,Pascal Groß,GER,32,1991,Right,CDM,CDM,1.170665754449273,2.59079152400673,False,Touches_Def 3rd,92,+14,Performance_Ast,99,+5,Ast,99,+5,Tackles_Mid 3rd,81,-14,Int,68,-16,Standard_G/SoT,32,-33
ITA-Serie A,2023 - 2024,Roma,Leonardo Spinazzola,ITA,30,1993,Right,LB,Fullback,0.5706918814461397,2.588547195610316,False,PPA,95,+20,Progression_PrgC,96,+18,Carries_PrgC,96,+18,Tackles_Att 3rd,4,-21,Int,8,-17,Carries_Dis,12,-23
ITA-Serie A,2024 - 2025,Bologna,Thijs Dallinga,NED,23,2000,Right,ST,ST,0.7555998597427642,2.586211461522949,False,Tackles_Att 3rd,69,+44,Long_Cmp,7,+5,Medium_Cmp,5,+3,Tackles_Def 3rd,1,-2,Challenges_Lost,0,-5,Take-Ons_Succ%,3,-22
ESP-La Liga,2024 - 2025,Espanyol,Edu Expósito,ESP,27,1996,Right,CAM,CAM,1.2256891809589752,2.58403707045423,False,Take-Ons_Succ%,71,+31,Int,49,+24,Clr,37,+18,Blocks_Sh,5,-12,Standard_G/SoT,12,-13,Standard_Gls,11,-22
ESP-La Liga,2022 - 2023,Athletic Club,Raúl García,ESP,36,1986,Right,ST,ST,0.7540314697536489,2.577414264480212,False,Standard_Sh/90,100,+16,Height,93,+48,Blocks_Sh,17,+12,Standard_G/Sh,28,-50,Carries_Mis,19,-29,Standard_G/SoT,29,-28
ITA-Serie A,2023 - 2024,Frosinone,Enzo Barrenechea,ARG,22,2001,Right,CM,CM,0.6630836660253409,2.562231957952856,False,Weight,77,+38,Height,68,+33,Standard_FK,85,+48,CrsPA,11,-32,Carries_CPA,7,0,Carries_1/3,20,-23
ITA-Serie A,2022 - 2023,Juventus,Weston McKennie,USA,23,1998,Right,CM,CM,0.6622856864236123,2.557290861725377,False,Weight,91,+46,Take-Ons_Succ%,81,+37,Progression_PrgR,84,+24,Challenges_Lost,24,-43,Tackles_TklW,26,-33,Challenges_Att,31,-31
FRA-Ligue 1,2023 - 2024,Paris S-G,Randal Kolo Muani,FRA,24,1998,Right,ST,ST,0.7485690320800931,2.5467751116665402,False,Expected_npxG/Sh,100,+10,Standard_G/Sh,97,+16,Take-Ons_Tkld,90,+24,Standard_Sh/90,65,-28,Blocks_Sh,5,0,Standard_Dist,7,-22
GER-Bundesliga,2024 - 2025,Bochum,Maximilian Wittek,GER,28,1995,Left,LB,Fullback,0.5649945754520768,2.543836351863104,False,Standard_FK,97,+60,Blocks_Pass,99,+16,Standard_Sh/90,60,+33,Ast,13,0,Performance_Ast,13,0,Per 90 Minutes_Ast,13,0
ESP-La Liga,2024 - 2025,Betis,Ricardo Rodríguez,SUI,31,1992,Left,LB,Fullback,0.5649127090676224,2.543193887665586,False,Tackles_Att 3rd,77,+52,Take-Ons_Succ%,78,+31,Standard_FK,85,+48,Carries_Mis,2,-8,Standard_SoT,4,0,Blocks_Sh,17,-36
ESP-La Liga,2022 - 2023,Girona,Juanpe,ESP,31,1991,Right,CB,CB,1.699498549835245,2.5413489772191173,True,Take-Ons_Succ%,99,+13,Standard_G/SoT,98,+2,Per 90 Minutes_xAG,12,+11,Take-Ons_Tkld,2,0,Take-Ons_Att,1,-1,Carries_Mis,0,-2
GER-Bundesliga,2022 - 2023,Leverkusen,Jeremie Frimpong,NED,21,2000,Right,RB,Fullback,0.5637327320697286,2.533933762400573,False,Progression_PrgR,98,+6,Receiving_PrgR,98,+6,CrsPA,96,+7,Blocks_Sh,5,-23,Touches_Def 3rd,32,-14,Take-Ons_Succ%,11,-31
GER-Bundesliga,2024 - 2025,St. Pauli,Johannes Eggestein,GER,26,1998,Right,ST,ST,0.7458071658548252,2.5312836321506165,False,Carries_Mis,84,+16,Touches_Mid 3rd,30,+15,Tackles_Att 3rd,38,+13,Int,0,-4,Tackles_Def 3rd,1,0,Blocks_Sh,5,0
FRA-Ligue 1,2024 - 2025,Lyon,Duje Ćaleta-Car,CRO,27,1996,Right,CB,CB,1.6944955118965725,2.5302990584685667,True,Standard_G/SoT,98,+12,Expected_xA,26,+22,Per 90 Minutes_npxG,61,+16,Standard_SoT,4,-36,Progression_PrgR,0,-2,Receiving_PrgR,0,-2
ENG-Premier League,2024 - 2025,Leicester City,Jordan Ayew,GHA,32,1991,Right,RM,Wide Midfielder,0.5939007472329738,2.5286357393816843,False,Weight,77,+42,Standard_FK,92,+14,Carries_Mis,91,+11,Ast,13,0,Performance_Ast,13,0,Per 90 Minutes_Ast,13,0
ENG-Premier League,2024 - 2025,Leicester City,Jannik Vestergaard,DEN,31,1992,Right,CB,CB,1.6927592094394157,2.526464188273068,True,Take-Ons_Succ%,99,+8,Standard_SoT,14,+10,Height,100,+13,Carries_Dis,1,-1,Take-Ons_Tkld,2,0,Tackles_Att 3rd,4,0
FRA-Ligue 1,2022 - 2023,Nantes,Andrei Girotto,BRA,30,1992,Right,CB,CB,1.6923593300102022,2.525580997848172,True,Standard_FK,85,+48,Challenges_Lost,99,+19,Tackles_Mid 3rd,99,+9,Carries_Mis,14,-25,Take-Ons_Succ,10,-28,Take-Ons_Succ%,9,-71
FRA-Ligue 1,2022 - 2023,Lorient,Julien Laporte,FRA,28,1993,Right,CB,CB,1.6921291062443349,2.5250725160140415,True,Challenges_Lost,70,+51,Challenges_Att,62,+33,Standard_Sh/90,28,+16,Expected_xAG,1,-6,xAG,1,-6,Per 90 Minutes_xAG,1,-2
ENG-Premier League,2024 - 2025,Wolves,Santiago Bueno,URU,25,1998,Right,CB,CB,1.6912251270232603,2.5230759497142246,True,Standard_SoT,23,+19,Take-Ons_Tkld,20,+18,Tackles_Mid 3rd,73,+50,Take-Ons_Succ%,1,-87,Take-Ons_Succ,1,-5,Expected_xAG,1,-3
ITA-Serie A,2022 - 2023,Hellas Verona,Ondrej Duda,SVK,27,1994,Right,CM,CM,0.6557225880555853,2.5166521028942177,False,Carries_Mis,84,+35,CrsPA,76,+15,Weight,45,+20,Touches_Att Pen,2,-13,Tackles_Att 3rd,38,-31,Standard_SoT/90,32,-16
ESP-La Liga,2022 - 2023,Sevilla,Tanguy Nianzou,FRA,20,2002,Right,CB,CB,1.6876855593368647,2.515258312545332,True,Standard_G/SoT,98,0,Take-Ons_Succ,38,+32,Take-Ons_Att,21,+17,Progression_PrgR,0,-4,Receiving_PrgR,0,-4,PPA,1,-2
ENG-Premier League,2023 - 2024,Manchester City,Jack Grealish,ENG,27,1995,Right,LW,Winger,1.1997063695221826,2.5128158654445114,False,Weight,77,+47,Blocks_Sh,28,+23,Standard_G/SoT,93,+25,CrsPA,11,-50,Tackles_Att 3rd,4,-34,Standard_SoT,40,-30
ENG-Premier League,2023 - 2024,Fulham,Issa Diop,FRA,26,1997,Right,CB,CB,1.6864003715314722,2.5124197930292174,False,Weight,98,+15,Height,97,+10,Carries_Mis,10,+7,Tackles_Att 3rd,4,0,Blocks_Blocks,10,-26,Int,29,-23
ESP-La Liga,2023 - 2024,Girona,Artem Dovbyk,UKR,26,1997,Left,ST,ST,0.7423383987184148,2.5118271014368596,False,Take-Ons_Succ%,91,+61,Tackles_Def 3rd,6,+5,xAG,94,+14,Int,0,-4,Challenges_Tkl,0,-1,Standard_Sh/90,91,-7
FRA-Ligue 1,2022 - 2023,Strasbourg,Adrien Thomasson,FRA,28,1993,Right,CM,CM,0.654062283456675,2.506371483223777,False,Challenges_Lost,72,+48,Blocks_Pass,61,+37,Challenges_Att,49,+29,Blocks_Sh,5,-12,Clr,1,-15,Standard_Dist,13,-38
GER-Bundesliga,2024 - 2025,St. Pauli,Elias Saad,TUN,24,1999,Right,LW,Winger,1.1973029003835725,2.5049892702789935,False,Carries_Dis,87,+33,Carries_Mis,87,+27,Standard_G/SoT,70,+28,Blocks_Sh,5,0,Short_Cmp,4,0,Short_Att,2,-3
