target_player,target_season,model_used,rank,player,age,team,macro_pos,league,season,Match %
Alessandro Bastoni,2024 - 2025,Ensemble,1,Jules Koundé,23,Barcelona,Fullback,ESP-La Liga,2022 - 2023,89.2%
Alessandro Bastoni,2024 - 2025,Ensemble,2,Facundo Medina,23,Lens,CB,FRA-Ligue 1,2022 - 2023,88.2%
Alessandro Bastoni,2024 - 2025,Ensemble,3,Jean-Clair Todibo,23,Nice,CB,FRA-Ligue 1,2023 - 2024,87.7%
Alessandro Bastoni,2024 - 2025,Ensemble,4,Piero Hincapié,22,Leverkusen,CB,GER-Bundesliga,2024 - 2025,85.7%
Alessandro Bastoni,2024 - 2025,Ensemble,5,Levi Colwill,21,Chelsea,CB,ENG-Premier League,2024 - 2025,85.3%
Alessandro Bastoni,2024 - 2025,PCA,1,Facundo Medina,23,Lens,CB,FRA-Ligue 1,2022 - 2023,85.7%
Alessandro Bastoni,2024 - 2025,PCA,2,Jules Koundé,23,Barcelona,Fullback,ESP-La Liga,2022 - 2023,83.8%
Alessandro Bastoni,2024 - 2025,PCA,3,Piero Hincapié,22,Leverkusen,CB,GER-Bundesliga,2024 - 2025,81.2%
Alessandro Bastoni,2024 - 2025,PCA,4,Jean-Clair Todibo,23,Nice,CB,FRA-Ligue 1,2023 - 2024,79.9%
Alessandro Bastoni,2024 - 2025,PCA,5,Kevin Danso,23,Lens,CB,FRA-Ligue 1,2022 - 2023,79.4%
Alessandro Bastoni,2024 - 2025,ReLU + Dropout,1,Jules Koundé,23,Barcelona,Fullback,ESP-La Liga,2022 - 2023,95.6%
Alessandro Bastoni,2024 - 2025,ReLU + Dropout,2,Angelo Stiller,23,Stuttgart,CDM,GER-Bundesliga,2024 - 2025,93.7%
Alessandro Bastoni,2024 - 2025,ReLU + Dropout,3,Joe Scally,20,Gladbach,Fullback,GER-Bundesliga,2023 - 2024,93.3%
Alessandro Bastoni,2024 - 2025,ReLU + Dropout,4,Facundo Medina,23,Lens,CB,FRA-Ligue 1,2022 - 2023,92.9%
Alessandro Bastoni,2024 - 2025,ReLU + Dropout,5,Angelo Stiller,22,Stuttgart,CDM,GER-Bundesliga,2023 - 2024,92.5%
Alessandro Bastoni,2024 - 2025,Relu,1,Jules Koundé,23,Barcelona,Fullback,ESP-La Liga,2022 - 2023,93.6%
Alessandro Bastoni,2024 - 2025,Relu,2,Facundo Medina,23,Lens,CB,FRA-Ligue 1,2022 - 2023,91.1%
Alessandro Bastoni,2024 - 2025,Relu,3,Arnau Martinez,21,Girona,Fullback,ESP-La Liga,2024 - 2025,90.9%
Alessandro Bastoni,2024 - 2025,Relu,4,Jean-Clair Todibo,23,Nice,CB,FRA-Ligue 1,2023 - 2024,90.0%
Alessandro Bastoni,2024 - 2025,Relu,5,Piero Hincapié,22,Leverkusen,CB,GER-Bundesliga,2024 - 2025,89.7%
Alessandro Bastoni,2024 - 2025,Tanh,1,Jules Koundé,23,Barcelona,Fullback,ESP-La Liga,2022 - 2023,83.3%
Alessandro Bastoni,2024 - 2025,Tanh,2,Jean-Clair Todibo,23,Nice,CB,FRA-Ligue 1,2023 - 2024,81.3%
Alessandro Bastoni,2024 - 2025,Tanh,3,Facundo Medina,23,Lens,CB,FRA-Ligue 1,2022 - 2023,80.7%
Alessandro Bastoni,2024 - 2025,Tanh,4,Willian Pacho,21,Eint Frankfurt,CB,GER-Bundesliga,2023 - 2024,78.1%
Alessandro Bastoni,2024 - 2025,Tanh,5,Levi Colwill,21,Chelsea,CB,ENG-Premier League,2024 - 2025,77.8%
Alessandro Bastoni,2024 - 2025,Tanh + Dropout,1,Konstantinos Koulierakis,20,Wolfsburg,CB,GER-Bundesliga,2024 - 2025,72.7%
Alessandro Bastoni,2024 - 2025,Tanh + Dropout,2,Matteo Ruggeri,21,Atalanta,Wide Midfielder,ITA-Serie A,2023 - 2024,72.5%
Alessandro Bastoni,2024 - 2025,Tanh + Dropout,3,Jules Koundé,23,Barcelona,Fullback,ESP-La Liga,2022 - 2023,72.2%
Alessandro Bastoni,2024 - 2025,Tanh + Dropout,4,Micky van de Ven,21,Wolfsburg,CB,GER-Bundesliga,2022 - 2023,71.3%
Alessandro Bastoni,2024 - 2025,Tanh + Dropout,5,Miguel Gutiérrez,21,Girona,Fullback,ESP-La Liga,2022 - 2023,71.0%
Andrea Pinamonti,2024 - 2025,Ensemble,1,Valentín Castellanos,23,Girona,ST,ESP-La Liga,2022 - 2023,94.1%
Andrea Pinamonti,2024 - 2025,Ensemble,2,Thijs Dallinga,21,Toulouse,ST,FRA-Ligue 1,2022 - 2023,93.6%
Andrea Pinamonti,2024 - 2025,Ensemble,3,Lorenzo Lucca,23,Udinese,ST,ITA-Serie A,2024 - 2025,92.7%
Andrea Pinamonti,2024 - 2025,Ensemble,4,Hugo Duro,23,Valencia,ST,ESP-La Liga,2023 - 2024,91.3%
Andrea Pinamonti,2024 - 2025,Ensemble,5,Liam Delap,21,Ipswich Town,ST,ENG-Premier League,2024 - 2025,88.7%
Andrea Pinamonti,2024 - 2025,PCA,1,Thijs Dallinga,21,Toulouse,ST,FRA-Ligue 1,2022 - 2023,89.6%
Andrea Pinamonti,2024 - 2025,PCA,2,Valentín Castellanos,23,Girona,ST,ESP-La Liga,2022 - 2023,88.0%
Andrea Pinamonti,2024 - 2025,PCA,3,Lorenzo Lucca,23,Udinese,ST,ITA-Serie A,2024 - 2025,87.1%
Andrea Pinamonti,2024 - 2025,PCA,4,Hugo Duro,23,Valencia,ST,ESP-La Liga,2023 - 2024,84.5%
Andrea Pinamonti,2024 - 2025,PCA,5,Lorenzo Lucca,22,Udinese,ST,ITA-Serie A,2023 - 2024,83.3%
Andrea Pinamonti,2024 - 2025,ReLU + Dropout,1,Valentín Castellanos,23,Girona,ST,ESP-La Liga,2022 - 2023,95.0%
Andrea Pinamonti,2024 - 2025,ReLU + Dropout,2,Liam Delap,21,Ipswich Town,ST,ENG-Premier League,2024 - 2025,95.0%
Andrea Pinamonti,2024 - 2025,ReLU + Dropout,3,Lorenzo Lucca,23,Udinese,ST,ITA-Serie A,2024 - 2025,93.5%
Andrea Pinamonti,2024 - 2025,ReLU + Dropout,4,Thijs Dallinga,21,Toulouse,ST,FRA-Ligue 1,2022 - 2023,93.0%
Andrea Pinamonti,2024 - 2025,ReLU + Dropout,5,Hugo Duro,23,Valencia,ST,ESP-La Liga,2023 - 2024,92.4%
Andrea Pinamonti,2024 - 2025,Relu,1,Valentín Castellanos,23,Girona,ST,ESP-La Liga,2022 - 2023,95.4%
Andrea Pinamonti,2024 - 2025,Relu,2,Thijs Dallinga,21,Toulouse,ST,FRA-Ligue 1,2022 - 2023,94.1%
Andrea Pinamonti,2024 - 2025,Relu,3,Lorenzo Lucca,23,Udinese,ST,ITA-Serie A,2024 - 2025,93.3%
Andrea Pinamonti,2024 - 2025,Relu,4,Roberto Piccoli,23,Cagliari,ST,ITA-Serie A,2024 - 2025,92.5%
Andrea Pinamonti,2024 - 2025,Relu,5,Lorenzo Lucca,22,Udinese,ST,ITA-Serie A,2023 - 2024,92.4%
Andrea Pinamonti,2024 - 2025,Tanh,1,Valentín Castellanos,23,Girona,ST,ESP-La Liga,2022 - 2023,92.4%
Andrea Pinamonti,2024 - 2025,Tanh,2,Thijs Dallinga,21,Toulouse,ST,FRA-Ligue 1,2022 - 2023,91.1%
Andrea Pinamonti,2024 - 2025,Tanh,3,Lorenzo Lucca,23,Udinese,ST,ITA-Serie A,2024 - 2025,90.1%
Andrea Pinamonti,2024 - 2025,Tanh,4,Hugo Duro,23,Valencia,ST,ESP-La Liga,2023 - 2024,88.3%
Andrea Pinamonti,2024 - 2025,Tanh,5,Matthis Abline,21,Nantes,ST,FRA-Ligue 1,2024 - 2025,84.3%
Andrea Pinamonti,2024 - 2025,Tanh + Dropout,1,Valentín Castellanos,23,Girona,ST,ESP-La Liga,2022 - 2023,91.2%
Andrea Pinamonti,2024 - 2025,Tanh + Dropout,2,Lorenzo Lucca,23,Udinese,ST,ITA-Serie A,2024 - 2025,89.0%
Andrea Pinamonti,2024 - 2025,Tanh + Dropout,3,Thijs Dallinga,21,Toulouse,ST,FRA-Ligue 1,2022 - 2023,87.8%
Andrea Pinamonti,2024 - 2025,Tanh + Dropout,4,Alejo Véliz,20,Espanyol,ST,ESP-La Liga,2024 - 2025,82.6%
Andrea Pinamonti,2024 - 2025,Tanh + Dropout,5,Armin Gigovic,22,Holstein Kiel,CM,GER-Bundesliga,2024 - 2025,82.3%
Erling Haaland,2024 - 2025,Ensemble,1,Dušan Vlahović,23,Juventus,ST,ITA-Serie A,2023 - 2024,93.7%
Erling Haaland,2024 - 2025,Ensemble,2,Victor Osimhen,23,Napoli,ST,ITA-Serie A,2022 - 2023,93.2%
Erling Haaland,2024 - 2025,Ensemble,3,Loïs Openda,23,RB Leipzig,ST,GER-Bundesliga,2023 - 2024,93.1%
Erling Haaland,2024 - 2025,Ensemble,4,Loïs Openda,22,Lens,ST,FRA-Ligue 1,2022 - 2023,92.0%
Erling Haaland,2024 - 2025,Ensemble,5,Thijs Dallinga,22,Toulouse,ST,FRA-Ligue 1,2023 - 2024,91.6%
Erling Haaland,2024 - 2025,PCA,1,Dušan Vlahović,23,Juventus,ST,ITA-Serie A,2023 - 2024,94.1%
Erling Haaland,2024 - 2025,PCA,2,Victor Osimhen,23,Napoli,ST,ITA-Serie A,2022 - 2023,93.1%
Erling Haaland,2024 - 2025,PCA,3,Thijs Dallinga,22,Toulouse,ST,FRA-Ligue 1,2023 - 2024,92.9%
Erling Haaland,2024 - 2025,PCA,4,Jonathan David,23,Lille,ST,FRA-Ligue 1,2023 - 2024,92.2%
Erling Haaland,2024 - 2025,PCA,5,Alexander Isak,23,Newcastle Utd,ST,ENG-Premier League,2023 - 2024,91.7%
Erling Haaland,2024 - 2025,ReLU + Dropout,1,Thijs Dallinga,22,Toulouse,ST,FRA-Ligue 1,2023 - 2024,99.3%
Erling Haaland,2024 - 2025,ReLU + Dropout,2,Dušan Vlahović,23,Juventus,ST,ITA-Serie A,2023 - 2024,97.9%
Erling Haaland,2024 - 2025,ReLU + Dropout,3,Victor Osimhen,23,Napoli,ST,ITA-Serie A,2022 - 2023,96.7%
Erling Haaland,2024 - 2025,ReLU + Dropout,4,Valentín Castellanos,23,Girona,ST,ESP-La Liga,2022 - 2023,96.5%
Erling Haaland,2024 - 2025,ReLU + Dropout,5,Loïs Openda,22,Lens,ST,FRA-Ligue 1,2022 - 2023,96.2%
Erling Haaland,2024 - 2025,Relu,1,Dušan Vlahović,23,Juventus,ST,ITA-Serie A,2023 - 2024,97.7%
Erling Haaland,2024 - 2025,Relu,2,Victor Osimhen,23,Napoli,ST,ITA-Serie A,2022 - 2023,95.1%
Erling Haaland,2024 - 2025,Relu,3,Loïs Openda,23,RB Leipzig,ST,GER-Bundesliga,2023 - 2024,95.1%
Erling Haaland,2024 - 2025,Relu,4,Thijs Dallinga,22,Toulouse,ST,FRA-Ligue 1,2023 - 2024,94.8%
Erling Haaland,2024 - 2025,Relu,5,Dušan Vlahović,22,Juventus,ST,ITA-Serie A,2022 - 2023,94.7%
Erling Haaland,2024 - 2025,Tanh,1,Dušan Vlahović,23,Juventus,ST,ITA-Serie A,2023 - 2024,88.9%
Erling Haaland,2024 - 2025,Tanh,2,Loïs Openda,23,RB Leipzig,ST,GER-Bundesliga,2023 - 2024,88.5%
Erling Haaland,2024 - 2025,Tanh,3,Victor Osimhen,23,Napoli,ST,ITA-Serie A,2022 - 2023,88.3%
Erling Haaland,2024 - 2025,Tanh,4,Loïs Openda,22,Lens,ST,FRA-Ligue 1,2022 - 2023,86.3%
Erling Haaland,2024 - 2025,Tanh,5,Thijs Dallinga,22,Toulouse,ST,FRA-Ligue 1,2023 - 2024,85.1%
Erling Haaland,2024 - 2025,Tanh + Dropout,1,Emanuel Emegha,21,Strasbourg,ST,FRA-Ligue 1,2024 - 2025,81.7%
Erling Haaland,2024 - 2025,Tanh + Dropout,2,Dušan Vlahović,23,Juventus,ST,ITA-Serie A,2023 - 2024,80.1%
Erling Haaland,2024 - 2025,Tanh + Dropout,3,Victor Osimhen,23,Napoli,ST,ITA-Serie A,2022 - 2023,79.4%
Erling Haaland,2024 - 2025,Tanh + Dropout,4,Gonçalo Ramos,23,Paris S-G,ST,FRA-Ligue 1,2024 - 2025,78.1%
Erling Haaland,2024 - 2025,Tanh + Dropout,5,Loïs Openda,22,Lens,ST,FRA-Ligue 1,2022 - 2023,76.8%
Kevin De Bruyne,2024 - 2025,Ensemble,1,Alex Baena,23,Villarreal,Wide Midfielder,ESP-La Liga,2024 - 2025,88.7%
Kevin De Bruyne,2024 - 2025,Ensemble,2,Fares Chaïbi,20,Eint Frankfurt,CAM,GER-Bundesliga,2023 - 2024,88.5%
Kevin De Bruyne,2024 - 2025,Ensemble,3,Rayan Cherki,20,Lyon,Winger,FRA-Ligue 1,2024 - 2025,87.7%
Kevin De Bruyne,2024 - 2025,Ensemble,4,Arda Güler,19,Real Madrid,Wide Midfielder,ESP-La Liga,2024 - 2025,83.3%
Kevin De Bruyne,2024 - 2025,Ensemble,5,Alexis Flips,22,Reims,Wide Midfielder,FRA-Ligue 1,2022 - 2023,83.1%
Kevin De Bruyne,2024 - 2025,PCA,1,Alex Baena,23,Villarreal,Wide Midfielder,ESP-La Liga,2024 - 2025,85.5%
Kevin De Bruyne,2024 - 2025,PCA,2,Rayan Cherki,20,Lyon,Winger,FRA-Ligue 1,2024 - 2025,82.8%
Kevin De Bruyne,2024 - 2025,PCA,3,Michael Olise,22,Bayern Munich,Wide Midfielder,GER-Bundesliga,2024 - 2025,78.8%
Kevin De Bruyne,2024 - 2025,PCA,4,Dominik Szoboszlai,23,Liverpool,CAM,ENG-Premier League,2024 - 2025,75.8%
Kevin De Bruyne,2024 - 2025,PCA,5,Bukayo Saka,22,Arsenal,Winger,ENG-Premier League,2024 - 2025,75.3%
Kevin De Bruyne,2024 - 2025,ReLU + Dropout,1,Bukayo Saka,22,Arsenal,Winger,ENG-Premier League,2024 - 2025,93.9%
Kevin De Bruyne,2024 - 2025,ReLU + Dropout,2,Harvey Elliott,20,Liverpool,CAM,ENG-Premier League,2023 - 2024,93.1%
Kevin De Bruyne,2024 - 2025,ReLU + Dropout,3,Mason Mount,23,Chelsea,CAM,ENG-Premier League,2022 - 2023,93.0%
Kevin De Bruyne,2024 - 2025,ReLU + Dropout,4,Arda Güler,19,Real Madrid,Wide Midfielder,ESP-La Liga,2024 - 2025,92.5%
Kevin De Bruyne,2024 - 2025,ReLU + Dropout,5,Alexis Saelemaekers,23,Milan,Wide Midfielder,ITA-Serie A,2022 - 2023,91.9%
Kevin De Bruyne,2024 - 2025,Relu,1,Alex Baena,23,Villarreal,Wide Midfielder,ESP-La Liga,2024 - 2025,93.1%
Kevin De Bruyne,2024 - 2025,Relu,2,Arda Güler,19,Real Madrid,Wide Midfielder,ESP-La Liga,2024 - 2025,91.9%
Kevin De Bruyne,2024 - 2025,Relu,3,Fares Chaïbi,20,Eint Frankfurt,CAM,GER-Bundesliga,2023 - 2024,91.6%
Kevin De Bruyne,2024 - 2025,Relu,4,Rayan Cherki,20,Lyon,Winger,FRA-Ligue 1,2024 - 2025,91.2%
Kevin De Bruyne,2024 - 2025,Relu,5,Alexis Flips,22,Reims,Wide Midfielder,FRA-Ligue 1,2022 - 2023,90.1%
Kevin De Bruyne,2024 - 2025,Tanh,1,Fares Chaïbi,20,Eint Frankfurt,CAM,GER-Bundesliga,2023 - 2024,84.8%
Kevin De Bruyne,2024 - 2025,Tanh,2,Alex Baena,23,Villarreal,Wide Midfielder,ESP-La Liga,2024 - 2025,82.2%
Kevin De Bruyne,2024 - 2025,Tanh,3,Rayan Cherki,20,Lyon,Winger,FRA-Ligue 1,2024 - 2025,80.9%
Kevin De Bruyne,2024 - 2025,Tanh,4,Alexis Flips,22,Reims,Wide Midfielder,FRA-Ligue 1,2022 - 2023,76.7%
Kevin De Bruyne,2024 - 2025,Tanh,5,Arda Güler,19,Real Madrid,Wide Midfielder,ESP-La Liga,2024 - 2025,74.6%
Kevin De Bruyne,2024 - 2025,Tanh + Dropout,1,Alex Baena,23,Villarreal,Wide Midfielder,ESP-La Liga,2024 - 2025,80.3%
Kevin De Bruyne,2024 - 2025,Tanh + Dropout,2,Rayan Cherki,20,Lyon,Winger,FRA-Ligue 1,2024 - 2025,75.0%
Kevin De Bruyne,2024 - 2025,Tanh + Dropout,3,Fares Chaïbi,20,Eint Frankfurt,CAM,GER-Bundesliga,2023 - 2024,74.7%
Kevin De Bruyne,2024 - 2025,Tanh + Dropout,4,Rodrigo Zalazar,22,Schalke 04,CAM,GER-Bundesliga,2022 - 2023,70.8%
Kevin De Bruyne,2024 - 2025,Tanh + Dropout,5,Khvicha Kvaratskhelia,23,Paris S-G,Winger,FRA-Ligue 1,2024 - 2025,68.1%
Manuel Locatelli,2024 - 2025,Ensemble,1,Moisés Caicedo,20,Brighton,CDM,ENG-Premier League,2022 - 2023,90.5%
Manuel Locatelli,2024 - 2025,Ensemble,2,Nicolò Rovella,22,Lazio,CDM,ITA-Serie A,2024 - 2025,89.8%
Manuel Locatelli,2024 - 2025,Ensemble,3,Moisés Caicedo,22,Chelsea,CDM,ENG-Premier League,2024 - 2025,89.6%
Manuel Locatelli,2024 - 2025,Ensemble,4,Enzo Barrenechea,22,Frosinone,CM,ITA-Serie A,2023 - 2024,89.3%
Manuel Locatelli,2024 - 2025,Ensemble,5,Angelo Stiller,22,Stuttgart,CDM,GER-Bundesliga,2023 - 2024,89.2%
Manuel Locatelli,2024 - 2025,PCA,1,Declan Rice,23,West Ham,CDM,ENG-Premier League,2022 - 2023,87.4%
Manuel Locatelli,2024 - 2025,PCA,2,Nico Schlotterbeck,23,Dortmund,CB,GER-Bundesliga,2023 - 2024,87.2%
Manuel Locatelli,2024 - 2025,PCA,3,Moisés Caicedo,22,Chelsea,CDM,ENG-Premier League,2024 - 2025,86.7%
Manuel Locatelli,2024 - 2025,PCA,4,Moisés Caicedo,20,Brighton,CDM,ENG-Premier League,2022 - 2023,86.0%
Manuel Locatelli,2024 - 2025,PCA,5,Moisés Caicedo,21,Chelsea,CDM,ENG-Premier League,2023 - 2024,85.3%
Manuel Locatelli,2024 - 2025,ReLU + Dropout,1,Nico Schlotterbeck,23,Dortmund,CB,GER-Bundesliga,2023 - 2024,95.5%
Manuel Locatelli,2024 - 2025,ReLU + Dropout,2,Enzo Barrenechea,22,Frosinone,CM,ITA-Serie A,2023 - 2024,94.5%
Manuel Locatelli,2024 - 2025,ReLU + Dropout,3,Mario Gila,23,Lazio,CB,ITA-Serie A,2024 - 2025,93.6%
Manuel Locatelli,2024 - 2025,ReLU + Dropout,4,Moisés Caicedo,21,Chelsea,CDM,ENG-Premier League,2023 - 2024,93.5%
Manuel Locatelli,2024 - 2025,ReLU + Dropout,5,Moisés Caicedo,20,Brighton,CDM,ENG-Premier League,2022 - 2023,93.1%
Manuel Locatelli,2024 - 2025,Relu,1,Enzo Fernández,22,Chelsea,CM,ENG-Premier League,2023 - 2024,94.2%
Manuel Locatelli,2024 - 2025,Relu,2,Hiroki Ito,23,Stuttgart,CB,GER-Bundesliga,2022 - 2023,93.1%
Manuel Locatelli,2024 - 2025,Relu,3,Nico Schlotterbeck,23,Dortmund,CB,GER-Bundesliga,2023 - 2024,93.0%
Manuel Locatelli,2024 - 2025,Relu,4,Enzo Barrenechea,22,Frosinone,CM,ITA-Serie A,2023 - 2024,92.5%
Manuel Locatelli,2024 - 2025,Relu,5,Jean-Clair Todibo,23,Nice,CB,FRA-Ligue 1,2023 - 2024,92.1%
Manuel Locatelli,2024 - 2025,Tanh,1,Moisés Caicedo,20,Brighton,CDM,ENG-Premier League,2022 - 2023,85.5%
Manuel Locatelli,2024 - 2025,Tanh,2,Nicolò Rovella,22,Lazio,CDM,ITA-Serie A,2024 - 2025,85.2%
Manuel Locatelli,2024 - 2025,Tanh,3,Enzo Barrenechea,22,Frosinone,CM,ITA-Serie A,2023 - 2024,84.0%
Manuel Locatelli,2024 - 2025,Tanh,4,Moisés Caicedo,22,Chelsea,CDM,ENG-Premier League,2024 - 2025,83.6%
Manuel Locatelli,2024 - 2025,Tanh,5,Angelo Stiller,22,Stuttgart,CDM,GER-Bundesliga,2023 - 2024,83.2%
Manuel Locatelli,2024 - 2025,Tanh + Dropout,1,Mario Gila,23,Lazio,CB,ITA-Serie A,2024 - 2025,89.7%
Manuel Locatelli,2024 - 2025,Tanh + Dropout,2,Nico Schlotterbeck,23,Dortmund,CB,GER-Bundesliga,2023 - 2024,86.7%
Manuel Locatelli,2024 - 2025,Tanh + Dropout,3,Enzo Barrenechea,22,Frosinone,CM,ITA-Serie A,2023 - 2024,86.6%
Manuel Locatelli,2024 - 2025,Tanh + Dropout,4,Nehuén Pérez,22,Udinese,CB,ITA-Serie A,2022 - 2023,84.8%
Manuel Locatelli,2024 - 2025,Tanh + Dropout,5,Dayot Upamecano,23,Bayern Munich,CB,GER-Bundesliga,2022 - 2023,80.3%
Riccardo Orsolini,2024 - 2025,Ensemble,1,Benjamin Šeško,20,RB Leipzig,ST,GER-Bundesliga,2023 - 2024,86.5%
Riccardo Orsolini,2024 - 2025,Ensemble,2,Terem Moffi,23,Lorient,ST,FRA-Ligue 1,2022 - 2023,86.4%
Riccardo Orsolini,2024 - 2025,Ensemble,3,Dušan Vlahović,22,Juventus,ST,ITA-Serie A,2022 - 2023,86.3%
Riccardo Orsolini,2024 - 2025,Ensemble,4,Adam Hložek,22,Hoffenheim,ST,GER-Bundesliga,2024 - 2025,85.6%
Riccardo Orsolini,2024 - 2025,Ensemble,5,Jonathan Burkardt,23,Mainz 05,ST,GER-Bundesliga,2023 - 2024,85.1%
Riccardo Orsolini,2024 - 2025,PCA,1,Erling Haaland,22,Manchester City,ST,ENG-Premier League,2022 - 2023,89.0%
Riccardo Orsolini,2024 - 2025,PCA,2,Victor Osimhen,23,Napoli,ST,ITA-Serie A,2022 - 2023,87.5%
Riccardo Orsolini,2024 - 2025,PCA,3,Loïs Openda,23,RB Leipzig,ST,GER-Bundesliga,2023 - 2024,86.8%
Riccardo Orsolini,2024 - 2025,PCA,4,Georges Mikautadze,22,Metz,ST,FRA-Ligue 1,2023 - 2024,86.4%
Riccardo Orsolini,2024 - 2025,PCA,5,Alexander Isak,23,Newcastle Utd,ST,ENG-Premier League,2023 - 2024,84.9%
Riccardo Orsolini,2024 - 2025,ReLU + Dropout,1,Elye Wahi,19,Montpellier,ST,FRA-Ligue 1,2022 - 2023,96.0%
Riccardo Orsolini,2024 - 2025,ReLU + Dropout,2,Georges Mikautadze,22,Metz,ST,FRA-Ligue 1,2023 - 2024,96.0%
Riccardo Orsolini,2024 - 2025,ReLU + Dropout,3,Nick Woltemade,22,Stuttgart,ST,GER-Bundesliga,2024 - 2025,95.2%
Riccardo Orsolini,2024 - 2025,ReLU + Dropout,4,Adam Hložek,22,Hoffenheim,ST,GER-Bundesliga,2024 - 2025,94.8%
Riccardo Orsolini,2024 - 2025,ReLU + Dropout,5,Victor Osimhen,23,Napoli,ST,ITA-Serie A,2022 - 2023,94.4%
Riccardo Orsolini,2024 - 2025,Relu,1,Georges Mikautadze,22,Metz,ST,FRA-Ligue 1,2023 - 2024,94.6%
Riccardo Orsolini,2024 - 2025,Relu,2,Fábio Silva,22,Las Palmas,ST,ESP-La Liga,2024 - 2025,94.2%
Riccardo Orsolini,2024 - 2025,Relu,3,Erling Haaland,22,Manchester City,ST,ENG-Premier League,2022 - 2023,93.4%
Riccardo Orsolini,2024 - 2025,Relu,4,Nick Woltemade,22,Stuttgart,ST,GER-Bundesliga,2024 - 2025,93.2%
Riccardo Orsolini,2024 - 2025,Relu,5,Benjamin Šeško,21,RB Leipzig,ST,GER-Bundesliga,2024 - 2025,93.1%
Riccardo Orsolini,2024 - 2025,Tanh,1,Terem Moffi,23,Lorient,ST,FRA-Ligue 1,2022 - 2023,80.5%
Riccardo Orsolini,2024 - 2025,Tanh,2,Benjamin Šeško,20,RB Leipzig,ST,GER-Bundesliga,2023 - 2024,79.5%
Riccardo Orsolini,2024 - 2025,Tanh,3,Cyril Ngonge,23,Hellas Verona,Wide Midfielder,ITA-Serie A,2023 - 2024,78.6%
Riccardo Orsolini,2024 - 2025,Tanh,4,Dušan Vlahović,22,Juventus,ST,ITA-Serie A,2022 - 2023,77.8%
Riccardo Orsolini,2024 - 2025,Tanh,5,Frank Magri,23,Toulouse,ST,FRA-Ligue 1,2023 - 2024,77.3%
Riccardo Orsolini,2024 - 2025,Tanh + Dropout,1,Michael Olise,21,Crystal Palace,Wide Midfielder,ENG-Premier League,2023 - 2024,81.9%
Riccardo Orsolini,2024 - 2025,Tanh + Dropout,2,Cyril Ngonge,23,Hellas Verona,Wide Midfielder,ITA-Serie A,2023 - 2024,73.9%
Riccardo Orsolini,2024 - 2025,Tanh + Dropout,3,Dušan Vlahović,22,Juventus,ST,ITA-Serie A,2022 - 2023,71.5%
Riccardo Orsolini,2024 - 2025,Tanh + Dropout,4,Khvicha Kvaratskhelia,23,Napoli,Winger,ITA-Serie A,2024 - 2025,69.5%
Riccardo Orsolini,2024 - 2025,Tanh + Dropout,5,Terem Moffi,23,Lorient,ST,FRA-Ligue 1,2022 - 2023,69.0%
Xavi Simons,2024 - 2025,Ensemble,1,Jamal Musiala,19,Bayern Munich,CAM,GER-Bundesliga,2022 - 2023,87.6%
Xavi Simons,2024 - 2025,Ensemble,2,Phil Foden,22,Manchester City,Winger,ENG-Premier League,2022 - 2023,86.9%
Xavi Simons,2024 - 2025,Ensemble,3,Kenan Yıldız,19,Juventus,CAM,ITA-Serie A,2024 - 2025,86.5%
Xavi Simons,2024 - 2025,Ensemble,4,Rayan Cherki,20,Lyon,Winger,FRA-Ligue 1,2024 - 2025,85.8%
Xavi Simons,2024 - 2025,Ensemble,5,Paul Nebel,21,Mainz 05,CAM,GER-Bundesliga,2024 - 2025,85.7%
Xavi Simons,2024 - 2025,PCA,1,Phil Foden,23,Manchester City,Winger,ENG-Premier League,2023 - 2024,91.0%
Xavi Simons,2024 - 2025,PCA,2,Gabriel Martinelli,21,Arsenal,Winger,ENG-Premier League,2022 - 2023,87.8%
Xavi Simons,2024 - 2025,PCA,3,Jamal Musiala,19,Bayern Munich,CAM,GER-Bundesliga,2022 - 2023,87.1%
Xavi Simons,2024 - 2025,PCA,4,Rayan Cherki,20,Lyon,Winger,FRA-Ligue 1,2024 - 2025,86.4%
Xavi Simons,2024 - 2025,PCA,5,Martin Ødegaard,23,Arsenal,CM,ENG-Premier League,2022 - 2023,86.2%
Xavi Simons,2024 - 2025,ReLU + Dropout,1,Phil Foden,23,Manchester City,Winger,ENG-Premier League,2023 - 2024,98.1%
Xavi Simons,2024 - 2025,ReLU + Dropout,2,Martin Ødegaard,23,Arsenal,CM,ENG-Premier League,2022 - 2023,96.2%
Xavi Simons,2024 - 2025,ReLU + Dropout,3,Phil Foden,22,Manchester City,Winger,ENG-Premier League,2022 - 2023,96.1%
Xavi Simons,2024 - 2025,ReLU + Dropout,4,Rayan Cherki,20,Lyon,Winger,FRA-Ligue 1,2024 - 2025,95.3%
Xavi Simons,2024 - 2025,ReLU + Dropout,5,Paul Nebel,21,Mainz 05,CAM,GER-Bundesliga,2024 - 2025,94.5%
Xavi Simons,2024 - 2025,Relu,1,Paul Nebel,21,Mainz 05,CAM,GER-Bundesliga,2024 - 2025,95.0%
Xavi Simons,2024 - 2025,Relu,2,Matìas Soulé,21,Roma,CAM,ITA-Serie A,2024 - 2025,94.9%
Xavi Simons,2024 - 2025,Relu,3,Florian Wirtz,20,Leverkusen,CAM,GER-Bundesliga,2023 - 2024,94.2%
Xavi Simons,2024 - 2025,Relu,4,Jamal Musiala,19,Bayern Munich,CAM,GER-Bundesliga,2022 - 2023,93.9%
Xavi Simons,2024 - 2025,Relu,5,Phil Foden,23,Manchester City,Winger,ENG-Premier League,2023 - 2024,93.6%
Xavi Simons,2024 - 2025,Tanh,1,Jamal Musiala,19,Bayern Munich,CAM,GER-Bundesliga,2022 - 2023,80.9%
Xavi Simons,2024 - 2025,Tanh,2,Kenan Yıldız,19,Juventus,CAM,ITA-Serie A,2024 - 2025,80.9%
Xavi Simons,2024 - 2025,Tanh,3,Phil Foden,22,Manchester City,Winger,ENG-Premier League,2022 - 2023,80.1%
Xavi Simons,2024 - 2025,Tanh,4,Paul Nebel,21,Mainz 05,CAM,GER-Bundesliga,2024 - 2025,80.0%
Xavi Simons,2024 - 2025,Tanh,5,Alex Baena,21,Villarreal,Wide Midfielder,ESP-La Liga,2022 - 2023,78.1%
Xavi Simons,2024 - 2025,Tanh + Dropout,1,Armand Lauriente,23,Sassuolo,Winger,ITA-Serie A,2022 - 2023,63.8%
Xavi Simons,2024 - 2025,Tanh + Dropout,2,Callum Hudson-Odoi,22,Nott'ham Forest,Wide Midfielder,ENG-Premier League,2023 - 2024,62.6%
Xavi Simons,2024 - 2025,Tanh + Dropout,3,Paul Nebel,21,Mainz 05,CAM,GER-Bundesliga,2024 - 2025,61.9%
Xavi Simons,2024 - 2025,Tanh + Dropout,4,Hákon Arnar Haraldsson,21,Lille,CAM,FRA-Ligue 1,2024 - 2025,59.5%
Xavi Simons,2024 - 2025,Tanh + Dropout,5,Matìas Soulé,21,Roma,CAM,ITA-Serie A,2024 - 2025,59.5%
